-- MySQL dump 10.13  Distrib 5.7.13, for Linux (x86_64)
--
-- Host: localhost    Database: advising
-- ------------------------------------------------------
-- Server version	5.7.13

/*!40101 SET @OLD_CHARACTER_SET_CLIENT=@@CHARACTER_SET_CLIENT */;
/*!40101 SET @OLD_CHARACTER_SET_RESULTS=@@CHARACTER_SET_RESULTS */;
/*!40101 SET @OLD_COLLATION_CONNECTION=@@COLLATION_CONNECTION */;
/*!40101 SET NAMES utf8 */;
/*!40103 SET @OLD_TIME_ZONE=@@TIME_ZONE */;
/*!40103 SET TIME_ZONE='+00:00' */;
/*!40014 SET @OLD_UNIQUE_CHECKS=@@UNIQUE_CHECKS, UNIQUE_CHECKS=0 */;
/*!40014 SET @OLD_FOREIGN_KEY_CHECKS=@@FOREIGN_KEY_CHECKS, FOREIGN_KEY_CHECKS=0 */;
/*!40101 SET @OLD_SQL_MODE=@@SQL_MODE, SQL_MODE='NO_AUTO_VALUE_ON_ZERO' */;
/*!40111 SET @OLD_SQL_NOTES=@@SQL_NOTES, SQL_NOTES=0 */;

--
-- Current Database: `advising`
--

CREATE DATABASE /*!32312 IF NOT EXISTS*/ `advising` /*!40100 DEFAULT CHARACTER SET latin1 */;

USE `advising`;

--
-- Table structure for table `advisingApp_advisor`
--

DROP TABLE IF EXISTS `advisingApp_advisor`;
/*!40101 SET @saved_cs_client     = @@character_set_client */;
/*!40101 SET character_set_client = utf8 */;
CREATE TABLE `advisingApp_advisor` (
  `EMAIL` varchar(100) NOT NULL,
  `Fname` varchar(50) NOT NULL,
  `Lname` varchar(50) NOT NULL,
  `Title` varchar(50) NOT NULL,
  PRIMARY KEY (`EMAIL`)
) ENGINE=InnoDB DEFAULT CHARSET=latin1;
/*!40101 SET character_set_client = @saved_cs_client */;

--
-- Dumping data for table `advisingApp_advisor`
--

LOCK TABLES `advisingApp_advisor` WRITE;
/*!40000 ALTER TABLE `advisingApp_advisor` DISABLE KEYS */;
INSERT INTO `advisingApp_advisor` VALUES ('juedes@ohio.edu','David','Juedes','EECS department chair');
/*!40000 ALTER TABLE `advisingApp_advisor` ENABLE KEYS */;
UNLOCK TABLES;

--
-- Table structure for table `advisingApp_chooses`
--

DROP TABLE IF EXISTS `advisingApp_chooses`;
/*!40101 SET @saved_cs_client     = @@character_set_client */;
/*!40101 SET character_set_client = utf8 */;
CREATE TABLE `advisingApp_chooses` (
  `PID` varchar(9) NOT NULL,
  `DegreeTitle` varchar(100) NOT NULL,
  PRIMARY KEY (`PID`)
) ENGINE=InnoDB DEFAULT CHARSET=latin1;
/*!40101 SET character_set_client = @saved_cs_client */;

--
-- Dumping data for table `advisingApp_chooses`
--

LOCK TABLES `advisingApp_chooses` WRITE;
/*!40000 ALTER TABLE `advisingApp_chooses` DISABLE KEYS */;
INSERT INTO `advisingApp_chooses` VALUES ('100124250','Computer Science'),('100124251','CS'),('100124252','Computer Science'),('100124256','Computer Science'),('123412342','Computer Science'),('123513263','Computer Science'),('234667324','Computer Science');
/*!40000 ALTER TABLE `advisingApp_chooses` ENABLE KEYS */;
UNLOCK TABLES;

--
-- Table structure for table `advisingApp_contains`
--

DROP TABLE IF EXISTS `advisingApp_contains`;
/*!40101 SET @saved_cs_client     = @@character_set_client */;
/*!40101 SET character_set_client = utf8 */;
CREATE TABLE `advisingApp_contains` (
  `id` int(11) NOT NULL AUTO_INCREMENT,
  `Course_Title` varchar(100) NOT NULL,
  `Degree_Title` varchar(100) NOT NULL,
  PRIMARY KEY (`id`)
) ENGINE=InnoDB AUTO_INCREMENT=160 DEFAULT CHARSET=latin1;
/*!40101 SET character_set_client = @saved_cs_client */;

--
-- Dumping data for table `advisingApp_contains`
--

LOCK TABLES `advisingApp_contains` WRITE;
/*!40000 ALTER TABLE `advisingApp_contains` DISABLE KEYS */;
INSERT INTO `advisingApp_contains` VALUES (1,'CS2400','Computer Science'),(4,'CS2401','Computer Science'),(5,'CS2650','Computer Science'),(6,'CS3200','Computer Science'),(7,'CS3560','Computer Science'),(8,'CS3610','Computer Science'),(9,'CS4000','Computer Science'),(10,'CS4040','Computer Science'),(11,'CS4100','Computer Science'),(12,'CS4420','Computer Science'),(13,'CS4560','Computer Science'),(14,'CS4561','Computer Science'),(15,'EE1024-CS','Computer Science'),(16,'EE3613-CS','Computer Science'),(17,'EE3954-CS','Computer Science'),(18,'CS3000','Computer Science'),(19,'EE3713-CS','Computer Science'),(20,'MATH2301-CS','Computer Science'),(21,'MATH2302-CS','Computer Science'),(22,'MATH3200-CS','Computer Science'),(23,'Lab Science Sequence','Computer Science'),(24,'Additional Lab','Computer Science'),(25,'CS4060-E','Computer Science'),(26,'CS4160-E','Computer Science'),(27,'CS4170-E','Computer Science'),(28,'CS4250-E','Computer Science'),(29,'CS4580-E','Computer Science'),(30,'CS4750-E','Computer Science'),(31,'CS4620-E','Computer Science'),(32,'ECON1030-AVN','Aviation Flight'),(33,'ENG1510-AVN','Aviation Flight'),(34,'GEOG1310-AVN','Aviation Flight'),(35,'AVN1000','Aviation Flight'),(36,'AVN1100','Aviation Flight'),(37,'AVN3000','Aviation Flight'),(38,'AVN3150','Aviation Flight'),(39,'AVN3600','Aviation Flight'),(40,'AVN3800','Aviation Flight'),(41,'AVN3900','Aviation Flight'),(42,'AVN4750','Aviation Flight'),(43,'AVN4800','Aviation Flight'),(44,'AVN4890','Aviation Flight'),(45,'AVN2400','Aviation Flight'),(46,'AVN3050','Aviation Flight'),(47,'AVN3100','Aviation Flight'),(48,'AVN3400','Aviation Flight'),(49,'AVN3500','Aviation Flight'),(50,'AVN3700','Aviation Flight'),(51,'AVN4000','Aviation Flight'),(52,'AVN4050','Aviation Flight'),(53,'AVN4200','Aviation Flight'),(54,'AVN4300','Aviation Flight'),(55,'AVN4400','Aviation Flight'),(56,'AVN4450','Aviation Flight'),(57,'AVN4550','Aviation Flight'),(58,'AVN4850','Aviation Flight'),(59,'MATH2301-CE','Civil Engineering'),(60,'MATH2302-CE','Civil Engineering'),(61,'MATH3200-CE','Civil Engineering'),(62,'MATH3400-CE','Civil Engineering'),(63,'CHEM1510-CE','Civil Engineering'),(64,'PHYS2051-CE','Civil Engineering'),(65,'PHYS2052-CE','Civil Engineering'),(66,'CE2000','Civil Engineering'),(67,'CE2010','Civil Engineering'),(68,'CE2100','Civil Engineering'),(69,'CE2160','Civil Engineering'),(70,'CE3110','Civil Engineering'),(71,'CE3110','Civil Engineering'),(72,'CE3300','Civil Engineering'),(73,'CE3400','Civil Engineering'),(74,'CE3410','Civil Engineering'),(75,'CE3420','Civil Engineering'),(76,'CE3610','Civil Engineering'),(77,'CE3700','Civil Engineering'),(78,'CE3710','Civil Engineering'),(79,'CE3800','Civil Engineering'),(80,'CE4000','Civil Engineering'),(81,'CE4280','Civil Engineering'),(82,'CE4320','Civil Engineering'),(83,'CE4330','Civil Engineering'),(84,'CE4500','Civil Engineering'),(85,'CE Senior Design','Civil Engineering'),(86,'CE Elective 1','Civil Engineering'),(87,'CE Elective 2','Civil Engineering'),(88,'CE Elective 3','Civil Engineering'),(89,'ET2200-CE','Civil Engineering'),(90,'ET2220-CE','Civil Engineering'),(91,'ET2240-CE','Civil Engineering'),(92,'CE2220','Civil Engineering'),(93,'GEOL2830-CE','Civil Engineering'),(94,'CE Tech Elective','Civil Engineering'),(95,'EE2324','Electrical Engineering'),(96,'EE3713','Electrical Engineering'),(97,'CHEM1510-EE','Electrical Engineering'),(98,'MATH2301-EE','Electrical Engineering'),(99,'MATH2302-EE','Electrical Engineering'),(100,'MATH3300','Electrical Engineering'),(101,'PHYS2051-EE','Electrical Engineering'),(102,'EE Science Elective','Electrical Engineering'),(103,'CS2400-EE','Electrical Engineering'),(104,'ET3300-EE','Electrical Engineering'),(105,'EE Programming Elective','Electrical Engineering'),(106,'EE Engineering Elective 1','Electrical Engineering'),(107,'EE Engineering Elective 2','Electrical Engineering'),(108,'EE1014','Electrical Engineering'),(109,'EE1024-EE','Electrical Engineering'),(110,'EE2104','Electrical Engineering'),(111,'EE2114','Electrical Engineering'),(112,'EE2213','Electrical Engineering'),(113,'EE2213','Electrical Engineering'),(114,'EE3214','Electrical Engineering'),(115,'EE3223','Electrical Engineering'),(116,'EE3343','Electrical Engineering'),(117,'EE3334','Electrical Engineering'),(118,'EE3513','Electrical Engineering'),(119,'EE3954-EE','Electrical Engineering'),(120,'EE3963','Electrical Engineering'),(121,'EE3973','Electrical Engineering'),(122,'EE4953','Electrical Engineering'),(123,'EE4963','Electrical Engineering'),(124,'EE Senior Elective 1','Electrical Engineering'),(125,'EE Tech Elective 1','Electrical Engineering'),(126,'EE Senior Elective 2','Electrical Engineering'),(127,'EE Tech Elective 2','Electrical Engineering'),(128,'CS3000-CPE','Computer Engineering'),(129,'CHEM1510-CPE','Computer Engineering'),(130,'EE2324-CPE','Computer Engineering'),(131,'EE3713-CPE','Computer Engineering'),(132,'MATH2301-CPE','Computer Engineering'),(133,'MATH2302-CPE','Computer Engineering'),(134,'PHYS2051-CPE','Computer Engineering'),(135,'CPE Science Elective','Computer Engineering'),(136,'CS2400-CPE','Computer Engineering'),(137,'CS2401-CPE','Computer Engineering'),(138,'CS3560-CPE','Computer Engineering'),(139,'CS3610-CPE','Computer Engineering'),(140,'CS4420-CPE','Computer Engineering'),(141,'EE1014-EE','Computer Engineering'),(142,'EE1024','Computer Engineering'),(143,'EE2104-CPE','Computer Engineering'),(144,'EE2114-CPE','Computer Engineering'),(145,'EE2213-CPE','Computer Engineering'),(146,'EE3214-CPE','Computer Engineering'),(147,'EE3343-CPE','Computer Engineering'),(148,'EE3513-CPE','Computer Engineering'),(149,'EE3613','Computer Engineering'),(150,'EE3753-CPE','Computer Engineering'),(151,'EE3954','Computer Engineering'),(152,'EE4673-CPE','Computer Engineering'),(153,'EE4683-CPE','Computer Engineering'),(154,'EE4953-CPE','Computer Engineering'),(155,'EE4963-CPE','Computer Engineering'),(156,'CPE EE/CS Elective 1','Computer Engineering'),(157,'CPE EE/CS Elective 2','Computer Engineering'),(158,'CPE Tech Elective 1','Computer Engineering'),(159,'CPE Tech Elective 2','Computer Engineering');
/*!40000 ALTER TABLE `advisingApp_contains` ENABLE KEYS */;
UNLOCK TABLES;

--
-- Table structure for table `advisingApp_courses`
--

DROP TABLE IF EXISTS `advisingApp_courses`;
/*!40101 SET @saved_cs_client     = @@character_set_client */;
/*!40101 SET character_set_client = utf8 */;
CREATE TABLE `advisingApp_courses` (
  `TITLE` varchar(40) NOT NULL,
  `Type` varchar(100) NOT NULL,
  `Name` varchar(100) NOT NULL,
  `Grade_Needed` varchar(10) NOT NULL,
  `Credits` int(11) NOT NULL,
  `Tier` varchar(20) NOT NULL,
  `discription` longtext NOT NULL,
  PRIMARY KEY (`TITLE`)
) ENGINE=InnoDB DEFAULT CHARSET=latin1;
/*!40101 SET character_set_client = @saved_cs_client */;

--
-- Dumping data for table `advisingApp_courses`
--

LOCK TABLES `advisingApp_courses` WRITE;
/*!40000 ALTER TABLE `advisingApp_courses` DISABLE KEYS */;
INSERT INTO `advisingApp_courses` VALUES ('Additional Science','Computer Science','Aditional Labratory Science','D-',4,'CS-Major','Choose from CHEM 1510, PBIO 1140, PHYS 2051'),('AVN1000','Aviation and Flight','Introduction to Aviation','D',3,'Aviation-Major','Survey of civil aviation. Overview of aviation history, general aviation, types of air carrier aircraft, and the importance of the air transportation industry. Develops understanding of an airline flight from takeoff to landing.'),('AVN1100-AVN','Aviation and Flight','Private Pilot Ground School','D',3,'Aviation-Major','FAA mandated ground instruction covering radio navigation, meteorology, FAA regulations, communications, aircraft construction, and performance data to meet requirements of Private Pilot-Airplane Knowledge Test.'),('AVN2400','Aviation and Flight','Private Pilot Flight Course','D',3,'Aviation-Major','Meets FAA mandated requirements for Private Pilot Certificate. \r\n\r\nRequisites: Permission required'),('AVN3000','Aviation and Flight','Aviation Laws and Regulations','D',3,'Aviation-Major','Student obtains knowledge, background, and understanding of aviation laws and regulations. Emphasis is placed upon areas of legal concepts of operation, contracts, insurance and liability, regulatory statutes, and case law. In addition, various regulations of FAA, DOT, NTSB, and ICAO will be covered. \r\n\r\nRequisites: AVN 1000 and 1100'),('AVN3050','Aviation and Flight','Aviation Weather','D',3,'Aviation-Major','Identification of aviation weather hazards that affect pilots, dispatchers, and airport and airline management; familiarization with aviation weather products and providers; and application of weather interpretation to flight scenarios. \r\n\r\nRequisites: AVN 1100 and GEOG 3020'),('AVN3060','Aviation and Flight','National Airspace System','D',4,'Aviation-Major','Air Traffic Control (ATC) Procedures used to separate aircraft, flow control, ATC phraseology, and navigation in the National Airspace System (NAS).'),('AVN3100','Aviation and Flight','Instrument Pilot Ground School','D',3,'Aviation-Major','FAA mandated ground instruction covering various navigation systems and procedures, aircraft radios and communications, instrument flying, and air traffic control procedures. Includes functions of ATC centers, approach control, towers, and flight service stations. FAA regulations included. Meets all requirements for FAA Instrument Pilot Airplane Knowledge Test. \r\n\r\nRequisites: AVN 1100'),('AVN3150','Aviation and Flight','Aviation Safety','D',3,'Aviation-Major','Overview of aviation safety from management and pilot perspectives, including fundamental aviation safety concepts, risk theory and management, safety terms, prevention methodology, effective safety program organization, human factors, inspection programs, data and analytical information systems, and regulatory requirements. \r\n\r\nRequisites: AVN 1100'),('AVN3400','Aviation and Flight','Cross-Country Flight','D',3,'Aviation-Major','Flight training consisting of VFR cross-country flights and basic attitude instrument flying. \r\n\r\nRequisites: Permission required'),('AVN3500','Aviation and Flight','Commercial Pilot School','D',3,'Aviation-Major','FAA mandated ground instruction covering advanced aerodynamics, radio navigation, FAA regulations, aircraft construction and performance, theories of flight, weight and balance, and instruments to meet requirements of Commercial Pilot Airplane Knowledge Test. \r\n\r\nRequisites: AVN 1100 and 3100'),('AVN3600','Aviation and Flight','National Airspace System','D',4,'Aviation-Major','Air Traffic Control (ATC) Procedures used to separate aircraft, flow control, ATC phraseology, and navigation in the National Airspace System (NAS).'),('AVN3700','Aviation and Flight','Aircraft Systems and Powerplants','D',4,'Aviation-Major','In-depth study of simple and complex aircraft powerplants, fuel, electrical, hydraulic, and environmental systems.\r\n\r\nRequisites: AVN 3500'),('AVN3800','Aviation and Flight','General Aviation Operations and Management','D',3,'Aviation-Major','A study of General Aviation including FBO’s , marketing, sales, and management techniques. Marketing and management concepts applicable to FBO’s and other general aviation enterprises are studied. Travel analysis is performed to determine the need for a business aircraft.\r\n\r\nRequisites: AVN 1000 and 1100 and MGT 2000 and (Jr or Sr)'),('AVN3900','Aviation and Flight','Airline Operations and Management','D',3,'Aviation-Major','To give a broad understanding of the air transportation industry and the major management functions with an airline. Topics cover economics of airlines, managerial aspects, international aviation, and career planning. \r\n\r\nRequisites: AVN 1000 and 1100 and (MGT 2000 or MGT 2100) and (Jr or Sr)'),('AVN4000','Aviation and Flight','Instrument Flight Course','D',3,'Aviation-Major','Instruction in flight by sole reference to instruments. Preparation for instrument rating. \r\n\r\nRequisites: Permission required'),('AVN4050','Aviation and Flight','Advanced Cross Country and Flight','D',6,'Aviation-Major','Dual and solo Visual and Instrument cross country flight. \r\n\r\nRequisites: AVN 4000'),('AVN4200','Aviation and Flight','Commercial Flight','D',2,'Aviation-Major','Flight instruction in single engine complex airplane. Preparation for Commercial Pilot Certificate ASEL. \r\n\r\nRequisites: AVN 4050'),('AVN4300','Aviation and Flight','Multi-Engine Flight Course','D',2,'Aviation-Major','FAA mandated instruction to meet FAA Practical Test Standards (PTS) for certification as Commercial Pilot AMEL. Procedures will include, but are not limited to; those with both engines operative, with 1 engine inoperative (feathered), single-engine speeds, effects of airplane configuration on engine-out performance, en route operations, and single-engine approaches and landings. \r\n\r\nRequisites: Commercial pilot certificate'),('AVN4400','Aviation and Flight','Flight instructor Ground School','D',3,'Aviation-Major','FAA mandated ground instruction on FAA regulations and publications, weather, advanced flight computer operations, radio navigation, advanced aircraft and engine performance, and fundamentals of instructing. Covers requirements for FAA Fundamentals of Instructing Knowledge Test and Flight Instructor Airplane Knowledge Test. \r\n\r\nRequisites: AVN 3500'),('AVN4450','Aviation and Flight','Flight Instructor Flight Course','D',3,'Aviation-Major','FAA mandated ground and flight instruction with emphasis on how to instruct, analysis of maneuvers and flight from right seat. \r\n\r\nRequisites: Commercial pilot certificate and FAA fundamentals of instructing and flight instructor airplane knowledge tests passed'),('AVN4550','Aviation and Flight','Instrument Instructor Flight COurse','D',2,'Aviation-Major','Review of instrument course with emphasis on how to instruct on instruments. \r\n\r\nRequisites: Flight Instructor Certificate'),('AVN4750','Aviation and Flight','Internship in Aviation Operations','P',2,'Aviation-Major','Internship program in selected fields of aviation under direction of faculty member. \r\n\r\nRequisites: Permission required of department chair\r\nCredit Hours: 2.0-16.0'),('AVN4800','Aviation and Flight','Business in Aviation','D',3,'Aviation-Capstone','This capstone is a study of business aviation operations, management and finance to include corporate, fractional, charter, Fixed Base Operator (FBO), and various aviation business models. Students will apply research methods to actual cases from business partners and function as aviation business consultants. The result will require a synthesis of ideas and suggested solutions presented to the business partners.\r\n\r\nRequisites: AVN 3900 and (MGT 2000 or MGT 2100) and Sr only'),('AVN4850','Aviation and Flight','Advanced Aircraft and Flight Crew Operations','D',3,'Aviation-Major','Introduction to advanced flight crew concepts and procedures with emphasis on professional pilot development, safety standardization, and crew resource management (CRM) techniques. The practical portion includes simulated industry-oriented flight training (air carrier instrument approach procedures, interview and training/qualification simulator profiles, and line-oriented Flight Training – LOFT). Includes lectures and simulator instruction in Simulator/FTD. \r\n\r\nRequisites: AVN 4300'),('AVN4890','Aviation and Flight','Transition to Aviation Industry','D',3,'Aviation-Major','Discussions and exercises to improve communication and networking skills while increasing knowledge of student’s area of focus in the aviation industry. Topics include resume writing, interviewing, goal setting, report writing, presentation skills, public relations, and professional responsibilities. \r\n\r\nRequisites: AVN major or minor and (Jr or Sr)'),('CE Elective 1','Civil Engineering','Civil Engineering Electives','D',3,'CE-Elective','Choose from CE3310, CE3530, CE4100, CE4110, CE4150, CE4160, CE4170, CE4190, CE4240, CE4370, CE4450, CE4530, CE4540, CE4570, CE4580, CE4630, CE4710'),('CE Elective 2','Civil Engineering','Civil Engineering Electives','D',3,'CE-Elective','Choose from CE3310, CE3530, CE4100, CE4110, CE4150, CE4160, CE4170, CE4190, CE4240, CE4370, CE4450, CE4530, CE4540, CE4570, CE4580, CE4630, CE4710'),('CE Elective 3','Civil Engineering','Civil Engineering Electives','C',3,'CE-Elective','Choose from CE3310, CE3530, CE4100, CE4110, CE4150, CE4160, CE4170, CE4190, CE4240, CE4370, CE4450, CE4530, CE4540, CE4570, CE4580, CE4630, CE4710'),('CE Senior Design','Civil Engineering','Civil Engineering Senior Design','D',3,'CE-Capstone','Choose From CE4910, CE4911, CE4912, or CE4913'),('CE Tech Elective','Civil Engineering','Civil Engineering Technical Elective','D',3,'CE-Major','Choose from CHEM1520, CHEM3010, ET2100, ET2300, ET3200, ISE3200'),('CE2000','Civil Engineering','Civil Engineering Fundamentals','C',1,'CE-Major','Overview of civil engineering profession and specialization areas, value of professional organizations and lifelong learning, introduction to departmental facilities, description of curriculum, advising responsibilities, communication skills, basic design concept, and impact of civil engineering on society.'),('CE2010','Civil Engineering','Civil Engineering Computational Techniques','C',3,'CE-Major','Introduction to methods of problem solving, use of computers for calculations, applications or problem solving to civil engineering.'),('CE2100','Civil Engineering','Elements of Land Surveying','C',3,'CE-Major','Basic theory and field practice in measurement of distance, elevation, and angle; boundary surveying; introduction to GPS and photogrammetry. \r\n\r\nRequisites: ETM 2220'),('CE2160','Civil Engineering','Construction Engineering and Management','C',3,'CE-Major','Overview of construction engineering and management, project funding, bidding and selection process, design and construction interface, competitive and negotiated contracts, planning and scheduling, estimation, equipment, productivity and safety.'),('CE2220','Civil Engineering','Civil Engineering Graphics','C',2,'CE-Major','In this course, students will be introduced to basic Civil Engineering (CE) design concepts while learning AutoCAD. The class will introduce the basic features and some of the more advanced features of AutoCAD. After completing this course, a student should have sufficient knowledge and skills in AutoCAD to pass the AutoCAD certification as well as sufficient introduction to CE design to meet project requirements in other CE courses. 1 lec, 2 lab.\r\n\r\nRequisites: CE major'),('CE3110','Civil Engineering','Route Engineering','C',3,'CE-Major','Horizontal and vertical curves, geometric design of highways, and earth-work distribution.\r\n\r\nRequisites: CE 2100'),('CE3300','Civil Engineering','Structural Theory 1','C',3,'CE-Major','Determinacy requirements, analysis of statically determinate structures; influence lines, deflections, and introduction to analysis of statically indeterminate structures. \r\n\r\nRequisites: (CE 2010 or concurrent) and (C or better in ET 2220)'),('CE3400','Civil Engineering','Fluid Mechanics','C',3,'CE-Major','Statics and dynamics of viscous and nonviscous fluids, dimensional analysis and similitude, pipe flow, principles of lift and drag, and introduction to boundary layers. \r\n\r\nRequisites: C or better in ET 2240'),('CE3410','Civil Engineering','Hydraulics Laboratory','C',1,'CE-Major','Lab techniques , calibration principles, fluid and flow measurements, pipe network, and pump test. \r\n\r\nRequisites: CE 3420 or concurrent'),('CE3420','Civil Engineering','Applied Hydraulics and Hydrology','C',3,'CE-Major','Flow and pressure distribution in multi-loop networks, dynamics of flow in pumps and turbines, uniform and nonuniform flow in open channels, culvert hydraulics, hydrologic cycle, groundwater flow, surface flows, and water storage. \r\n\r\nRequisites: CE 3400 and (4000 or concurrent)'),('CE3610','Civil Engineering','Transportation Engineering','C',3,'CE-Major','Introduction to Transportation Engineering with emphasis on transportation planning concepts and multi-modal design elements.\r\n\r\nRequisites: CE 3110'),('CE3700','Civil Engineering','Geotechnical Engineering','C',4,'CE-Major','Soil compositions, physical and chemical properties, and classifications; water movement and seepage problems; consolidation and shear strength; applications to earth structures, retaining walls, slope stability, shallow & deep foundations, and soil erosion. \r\n\r\nRequisites: ET 2220 and GEOL 2830 and (CE 3400 or concurrent)'),('CE3710','Civil Engineering','Soil Engineering Lab','C',1,'CE-Major','Classification of soils and determination of their properties through tests; grain size analysis, Atterberg limits, relative density, Proctor testing, permeability, direct shear, consolidation, unconfined compression, and CBR test. \r\n\r\nRequisites: CE 3700 or concurrent'),('CE3800','Civil Engineering','Civil Engineering Materials','C',4,'CE-Major','Engineering properties of materials used in civil engineering applications including metals, concrete, timber, and composites. \r\n\r\nRequisites: ET 2220'),('CE4000','Civil Engineering','Societal Concerns in Civil Engineering','C',3,'CE-JuniorComposition','Engineering economics, statistics, ethics & professionalism (as related to civil engineering field). Emphasis will be placed on the preparation of economic justification reports, statistical reporting, and conclusion development and ethical position statements. 3 lec.\r\n\r\nRequisites: (ENG 1510 or 1610) and (Jr or Sr)'),('CE4280','Civil Engineering','Experimental Methods in Civil Engineering','C',3,'CE-Major','Application and theory of electronic sensors to civil engineering measurements including strain gages, load cells, displacement transducers, accelerometers, and temperature measurements. Analysis of errors in measured data. Emphasis will be also placed on the preparation of laboratory reports and a project report. 3 lec.\r\n\r\nRequisites: ET 2220 and PHYS 2052 and CE 4000'),('CE4320','Civil Engineering','Structural Design in Concrete','C',3,'CE-Major','Materials and properties; design methods, strength of rectangular sections subject to bending moments, axial loads, and shear forces either separately or in combination; continuity in concrete construction; design of one-way slabs; design of T sections in bending; deflection calculations, and footing design. \r\n\r\nRequisites: CE 2010 and 3300'),('CE4330','Civil Engineering','Structural Design in Steel','C',3,'CE-Major','Materials and properties; design methods, design of tension members; structural fasteners; design of compression members, beams, trusses, and frames. \r\n\r\nRequisites: CE 3300'),('CE4500','Civil Engineering','Water and Wastewater Engineering','D',4,'CE-Major','Sources and collection of public water supplies; principles of water treatment processes; quantities and collection of municipal wastewater; principles of wastewater treatment processes. \r\n\r\nRequisites: CE 3400 and CHEM 1510'),('CHEM1510-CE','Civil Engineering','Fundamentals of Chemistry','D',4,'CE-Major','General course in fundamental chemical principles. Atomic structure, periodic classification, bonding, mole concept, stoichiometry with problem solving, thermochemistry, equilibrium, and gases. Recommended for majors in chemistry, engineering, biological sciences, plant biology, clinical laboratory science, geological sciences, secondary education (B.S.Ed. in biological sciences, chemistry, physics, and integrated science), and preprofessional (biological science) areas. \r\n\r\nRequisites: (MATH 1200 or math placement level 2 or higher) and (C- or better in CHEM 1500 or score 34 or better on chemistry placement exam) and WARNING: not CHEM 1520 or 1210'),('CHEM1510-CPE','Computer Engineering','Fundamentals of Chemistry','D',4,'CPE-Major','General course in fundamental chemical principles. Atomic structure, periodic classification, bonding, mole concept, stoichiometry with problem solving, thermochemistry, equilibrium, and gases. Recommended for majors in chemistry, engineering, biological sciences, plant biology, clinical laboratory science, geological sciences, secondary education (B.S.Ed. in biological sciences, chemistry, physics, and integrated science), and preprofessional (biological science) areas. \r\n\r\nRequisites: (MATH 1200 or math placement level 2 or higher) and (C- or better in CHEM 1500 or score 34 or better on chemistry placement exam) and WARNING: not CHEM 1520 or 1210'),('CHEM1510-EE','Electrical Engineering','Fundamentals of Chemistry','D',4,'EE-Major','General course in fundamental chemical principles. Atomic structure, periodic classification, bonding, mole concept, stoichiometry with problem solving, thermochemistry, equilibrium, and gases. Recommended for majors in chemistry, engineering, biological sciences, plant biology, clinical laboratory science, geological sciences, secondary education (B.S.Ed. in biological sciences, chemistry, physics, and integrated science), and preprofessional (biological science) areas. \r\n\r\nRequisites: (MATH 1200 or math placement level 2 or higher) and (C- or better in CHEM 1500 or score 34 or better on chemistry placement exam) and WARNING: not CHEM 1520 or 1210'),('CPE EE/CS Elective 1','Computer Engineering','CPE Senior Elective','D',3,'CPE-Elective','Complete two of the following courses:\r\n\r\nCS 4000 - Introduction to Distributed, Parallel, and Web-Centric Computing Credit Hours: 3.0\r\nCS 4040 - Design and Analysis of Algorithms Credit Hours: 3.0\r\nCS 4060 - Computation Theory Credit Hours: 3.0\r\nCS 4100 - Introduction to Formal Languages and Compilers Credit Hours: 3.0\r\nCS 4160 - Problem Solving with Bioinformatics Tools Credit Hours: 3.0\r\nCS 4170 - Data Mining With Applications in the Life Sciences Credit Hours: 3.0\r\nCS 4250 - Interactive Computer Graphics Credit Hours: 3.0\r\nCS 4440 - Data Communications Credit Hours: 3.0\r\nCS 4500 - Advanced Object Oriented Design and GUI Techniques Credit Hours: 3.0\r\nCS 4580 - Operating Systems II Credit Hours: 3.0\r\nCS 4620 - Database Systems Credit Hours: 3.0\r\nCS 4750 - Internet Engineering Credit Hours: 4.0\r\nCS 4800 - Artificial Intelligence Credit Hours: 3.0\r\nEE 4053 - Physical and Power Electronics Credit Hours: 3.0\r\nEE 4143 - Design of Digital Circuits Credit Hours: 3.0\r\nEE 4183 - Micro and Nano Fabrication Credit Hours: 3.0\r\nEE 4213 - Feedback Control Theory Credit Hours: 3.0\r\nEE 4313 - Optoelectronics and Photonics Credit Hours: 3.0\r\nEE 4403 - Antenna and Microwave Theory Credit Hours: 3.0\r\nEE 4523 - Introduction to Electric Power System Engineering and Analysis Credit Hours: 3.0\r\nEE 4713 - Communication Engineering Credit Hours: 3.0\r\nEE 4853 - Electronic Navigation Systems Credit Hours: 3.0\r\nEE 4913 - Programmable Logic Controllers Credit Hours: 3.0'),('CPE EE/CS Elective 2','Computer Engineering','CPE Senior Elective','D',3,'CPE-Elective','Complete two of the following courses:\r\n\r\nCS 4000 - Introduction to Distributed, Parallel, and Web-Centric Computing Credit Hours: 3.0\r\nCS 4040 - Design and Analysis of Algorithms Credit Hours: 3.0\r\nCS 4060 - Computation Theory Credit Hours: 3.0\r\nCS 4100 - Introduction to Formal Languages and Compilers Credit Hours: 3.0\r\nCS 4160 - Problem Solving with Bioinformatics Tools Credit Hours: 3.0\r\nCS 4170 - Data Mining With Applications in the Life Sciences Credit Hours: 3.0\r\nCS 4250 - Interactive Computer Graphics Credit Hours: 3.0\r\nCS 4440 - Data Communications Credit Hours: 3.0\r\nCS 4500 - Advanced Object Oriented Design and GUI Techniques Credit Hours: 3.0\r\nCS 4580 - Operating Systems II Credit Hours: 3.0\r\nCS 4620 - Database Systems Credit Hours: 3.0\r\nCS 4750 - Internet Engineering Credit Hours: 4.0\r\nCS 4800 - Artificial Intelligence Credit Hours: 3.0\r\nEE 4053 - Physical and Power Electronics Credit Hours: 3.0\r\nEE 4143 - Design of Digital Circuits Credit Hours: 3.0\r\nEE 4183 - Micro and Nano Fabrication Credit Hours: 3.0\r\nEE 4213 - Feedback Control Theory Credit Hours: 3.0\r\nEE 4313 - Optoelectronics and Photonics Credit Hours: 3.0\r\nEE 4403 - Antenna and Microwave Theory Credit Hours: 3.0\r\nEE 4523 - Introduction to Electric Power System Engineering and Analysis Credit Hours: 3.0\r\nEE 4713 - Communication Engineering Credit Hours: 3.0\r\nEE 4853 - Electronic Navigation Systems Credit Hours: 3.0\r\nEE 4913 - Programmable Logic Controllers Credit Hours: 3.0'),('CPE Science Elective','Computer Engineering','Computer Engineering Science Elective','D',4,'CPE-Elective','Complete 4 hours of science with lab. Complete one course from the following categories:\r\n\r\nPhysics Option\r\n\r\nComplete any PHYS course with lab higher than PHYS 2502.\r\n\r\nChemistry Option\r\n\r\nComplete any CHEM course with lab higher than CHEM 1510.\r\n\r\nBiological Sciences Option\r\n\r\nComplete the following courses:\r\n\r\n \r\nBIOS 1700 - Biological Sciences I: Molecules and Cells Credit Hours: 3.0\r\nBIOS 1705 - Biological Sciences I Laboratory Credit Hours: 1.0'),('CPE Tech Elective 1','Computer Engineering','Computer Engineering Technical Elective','D',3,'CPE-Elective','Complete two courses (totaling at least 6 hours) from the following courses. No course can be used to satisfy two requirements.\r\n\r\nCE 3400\r\nCS 4***\r\nEE 4***\r\nET 2220\r\nET 2240\r\nET 2300\r\nET 3200\r\nMATH 4***\r\nME 3510\r\nMGT 2020'),('CPE Tech Elective 2','Computer Engineering','Computer Engineering Technical Elective','D',3,'CPE-Elective','Complete two courses (totaling at least 6 hours) from the following courses. No course can be used to satisfy two requirements.\r\n\r\nCE 3400\r\nCS 4***\r\nEE 4***\r\nET 2220\r\nET 2240\r\nET 2300\r\nET 3200\r\nMATH 4***\r\nME 3510\r\nMGT 2020'),('CS2400','Computer Science','Introduction to Computer Science','C+',4,'CS-Major',''),('CS2400-CPE','Computer Engineering','Introduction to Computer Science 1','C',4,'CPE-Major','Introduction to computer science, the discipline of computing, and the programming language C++. Topics include elementary C++, computer algorithms, loops and flow of control, procedural abstraction, functions, streams, arrays, strings, objects and classes, polymorphism and operator overloading, professional societies, professionalism and ethics, pointers, dynamic memory, and dynamic arrays. \r\n\r\nRequisites: MATH 1200 or math placement level 2 or higher'),('CS2401','Computer Science','Introduction to Computer Science 2','C+',3,'CS-Major',''),('CS2401-CPE','Computer Engineering','Introduction to Computer Science 2','C',4,'CPE-Major','Continuation of C S 2400 with emphasis on design of software and more advanced features of the objected oriented programming language C++. Topics include design of software using UML, generic programming (templates), linked lists, stacks, queues, container classes and iterators, inheritance, derived classes, virtual functions, tree data structures, and recursion. \r\n\r\nRequisites: CS 2400 and (MATH 1300 or 2301 or Math Placement Level 3)'),('CS2650','Computer Science','Professional and Ethical Aspects of Computing','D-',2,'CS-Major',''),('CS3000','Computer Science','Introduction to Discrete Structures','C+',4,'CS-Major',''),('CS3000-CPE','Computer Engineering','Discrete Structures','D',4,'CPE-Major','Discrete mathematics and its application to computer science explored. Foundational mathematical techniques used in computer science are explored in depth: propositional logic, number theory and proofs, sequences and mathematical induction, set theory, counting and combinatorics, discrete probability, functions, recursion, simple analysis of algorithms, and orderings and relations. Applications of these structures to various areas of computer science also covered.\r\n\r\nRequisites: CS 2400'),('CS3200','Computer Science','Organizaion of programming Languages','D-',3,'CS-Major',''),('CS3560','Computer Science','Software Engineering tools and Practices','D-',3,'CS-Major',''),('CS3560-CPE','Computer Engineering','Software Engineering tools and Practices','D',3,'CPE-Major','Covers current software engineering tools and practices. Topics include software architecture, integrated development environments, source code control systems, build and make systems, debuggers, static analysis tools, dynamic analysis tools, design tools, program verification, and design patterns. Experiences in multiple environments (Windows and a UNIX-based environment, i.e., MAC OS, Linux, or Solaris).\r\n\r\nRequisites: CS 2401'),('CS3610','Computer Science','Data Structures','C+',4,'CS-Major',''),('CS3610-CPE','Computer Engineering','Data Structures','D',4,'CPE-Major','Various data structures, algorithms associated with data structures, and analysis of algorithms are explored. Topics include analysis of algorithms, dynamic arrays, tree structures, heaps, balanced trees, dictionaries, graphs and graph algorithms, and the complexity of sorting. Graph algorithms for depth first and breadth first search, shortest path, minimum cost spanning trees, and others are covered. Coverage of built in data structures and algorithms in modern programming languages included. \r\n\r\nRequisites: (CS 3000 or MATH 3050) and C or better in CS 2401'),('CS4000','Computer Science','Introductio to Parallel, Distributed and Web Centric Computing','D-',3,'CS-Major',''),('CS4040','Computer Science','Algorithm Analysis and Design','D-',3,'CS-Major',''),('CS4060-E','Computer Science','Computation Theory','D-',3,'CS-Elective',''),('CS4100','Computer Science','Introduction to Formal Languages and Compilers','D-',3,'CS-Major',''),('CS4250-E','Computer Science','Computer Graphics','D-',3,'CS-Elective',''),('CS4420','Computer Science','Software Design and Development 1','D-',3,'CS-Major',''),('CS4420-CPE','Computer Engineering','Operating Systems','D',3,'CPE-Major','In-depth coverage of computer operating systems and related computer architecture issues. Coverage of physical devices, interrupts, and communication between the computer and external hardware. Interfaces between user programs and the operating system, system calls, software interrupts, and protection issues. Context switching, process address spaces, and process scheduling. Process synchronization, interprocess communications, critical sections, and deadlock detection and recovery. Memory mapping, swapping, paging, and virtual memory.\r\n\r\nRequisites: CS 3610 and EE 3613 and 3954 or CS 361 and EE 395A'),('CS4560','Computer Science','Software Design and Development 1','D-',3,'CS-Major',''),('CS4561','Computer Science','Software Design and Development 2','D-',3,'CS-Major',''),('CS4580-E','Computer Science','Operating Systems 2','D-',3,'CS-Elective',''),('CS4620-E','Computer Science','Database Systems','D-',3,'CS-Elective',''),('ECON1010-AVN','Aviation and Flight','Principles of Microeconomics','C+',3,'GenEd','Basic theory and economic analysis of prices, markets, production, wages, interest, rent, and profits. Analysis of how the capitalistic system determines what, how, and for whom to produce.'),('EE Engineering Elective 1','Electrical Engineering','Electrical Engineering Engineering Electives','D',3,'EE-Elective','Complete two of the following courses:\r\n\r\n \r\nCE 3400 - Fluid Mechanics Credit Hours: 3.0\r\nET 2200 - Statics Credit Hours: 3.0\r\nET 2220 - Strength of Materials Credit Hours: 3.0\r\nET 2240 - Dynamics Credit Hours: 3.0\r\nET 2300 - Principles of Engineering Materials Credit Hours: 3.0\r\nET 3200 - Engineering Thermodynamics Credit Hours: 3.0'),('EE Engineering Elective 2','Electrical Engineering','Electrical Engineering Engineering Electives','D',3,'EE-Elective','Complete two of the following courses:\r\n\r\n \r\nCE 3400 - Fluid Mechanics Credit Hours: 3.0\r\nET 2200 - Statics Credit Hours: 3.0\r\nET 2220 - Strength of Materials Credit Hours: 3.0\r\nET 2240 - Dynamics Credit Hours: 3.0\r\nET 2300 - Principles of Engineering Materials Credit Hours: 3.0\r\nET 3200 - Engineering Thermodynamics Credit Hours: 3.0'),('EE Programming Elective','Electrical Engineering','Electrical Engineering Programming Electives','D',3,'EE-Elective','Complete one of the following couses:\r\n\r\nCS 2300 - Computer Programming in JAVA Credit Hours: 4.0\r\nCS 2401 - Introduction to Computer Science II Credit Hours: 4.0'),('EE Science Elective','Electrical Engineering','Electrical Engineering Science Electives','D',4,'EE-Elective','Complete 4 hours of science with lab. Complete one course from the following categories:\r\n\r\nBiological Sciences Option\r\n\r\nComplete the following courses:\r\n\r\nBIOS 1700 - Biological Sciences I: Molecules and Cells Credit Hours: 3.0\r\nBIOS 1705 - Biological Sciences I Laboratory Credit Hours: 1.0\r\n\r\nPhysics Option\r\n\r\nComplete any PHYS course with lab higher than PHYS 2502.\r\n\r\nChemistry Option\r\n\r\nComplete any CHEM course with lab higher than CHEM 1510.'),('EE Senior Elective 1','Electrical Engineering','Electrical Engineering Senior Electives','D',3,'EE-Elective','Complete one of the following courses:\r\n\r\n \r\nCS 3560 - Software Engineering Tools and Practices Credit Hours: 3.0\r\nCS 4000 - Introduction to Distributed, Parallel, and Web-Centric Computing Credit Hours: 3.0\r\nCS 4040 - Design and Analysis of Algorithms Credit Hours: 3.0\r\nCS 4060 - Computation Theory Credit Hours: 3.0\r\nCS 4100 - Introduction to Formal Languages and Compilers Credit Hours: 3.0\r\nCS 4160 - Problem Solving with Bioinformatics Tools Credit Hours: 3.0\r\nCS 4170 - Data Mining With Applications in the Life Sciences Credit Hours: 3.0\r\nCS 4250 - Interactive Computer Graphics Credit Hours: 3.0\r\nCS 4440 - Data Communications Credit Hours: 3.0\r\nCS 4500 - Advanced Object Oriented Design and GUI Techniques Credit Hours: 3.0\r\nCS 4580 - Operating Systems II Credit Hours: 3.0\r\nCS 4620 - Database Systems Credit Hours: 3.0\r\nCS 4750 - Internet Engineering Credit Hours: 4.0\r\nCS 4800 - Artificial Intelligence Credit Hours: 3.0\r\nEE 3613 - Computer Organization Credit Hours: 3.0\r\nEE 3753 - Introduction to Computer Networks Credit Hours: 3.0\r\nEE 4053 - Physical and Power Electronics Credit Hours: 3.0\r\nEE 4143 - Design of Digital Circuits Credit Hours: 3.0\r\nEE 4183 - Micro and Nano Fabrication Credit Hours: 3.0\r\nEE 4213 - Feedback Control Theory Credit Hours: 3.0\r\nEE 4313 - Optoelectronics and Photonics Credit Hours: 3.0\r\nEE 4403 - Antenna and Microwave Theory Credit Hours: 3.0\r\nEE 4523 - Introduction to Electric Power System Engineering and Analysis Credit Hours: 3.0\r\nEE 4673 - Embedded Systems Credit Hours: 3.0\r\nEE 4683 - Computer Architecture Credit Hours: 3.0\r\nEE 4713 - Communication Engineering Credit Hours: 3.0\r\nEE 4853 - Electronic Navigation Systems Credit Hours: 3.0\r\nEE 4913 - Programmable Logic Controllers Credit Hours: 3.0'),('EE Senior Elective 2','Electrical Engineering','Electrical Engineering Senior Electives','C',3,'EE-Elective','Complete two of the following courses:\r\n\r\n \r\nCS 3560 - Software Engineering Tools and Practices Credit Hours: 3.0\r\nCS 4000 - Introduction to Distributed, Parallel, and Web-Centric Computing Credit Hours: 3.0\r\nCS 4040 - Design and Analysis of Algorithms Credit Hours: 3.0\r\nCS 4060 - Computation Theory Credit Hours: 3.0\r\nCS 4100 - Introduction to Formal Languages and Compilers Credit Hours: 3.0\r\nCS 4160 - Problem Solving with Bioinformatics Tools Credit Hours: 3.0\r\nCS 4170 - Data Mining With Applications in the Life Sciences Credit Hours: 3.0\r\nCS 4250 - Interactive Computer Graphics Credit Hours: 3.0\r\nCS 4440 - Data Communications Credit Hours: 3.0\r\nCS 4500 - Advanced Object Oriented Design and GUI Techniques Credit Hours: 3.0\r\nCS 4580 - Operating Systems II Credit Hours: 3.0\r\nCS 4620 - Database Systems Credit Hours: 3.0\r\nCS 4750 - Internet Engineering Credit Hours: 4.0\r\nCS 4800 - Artificial Intelligence Credit Hours: 3.0\r\nEE 3613 - Computer Organization Credit Hours: 3.0\r\nEE 3753 - Introduction to Computer Networks Credit Hours: 3.0\r\nEE 4053 - Physical and Power Electronics Credit Hours: 3.0\r\nEE 4143 - Design of Digital Circuits Credit Hours: 3.0\r\nEE 4183 - Micro and Nano Fabrication Credit Hours: 3.0\r\nEE 4213 - Feedback Control Theory Credit Hours: 3.0\r\nEE 4313 - Optoelectronics and Photonics Credit Hours: 3.0\r\nEE 4403 - Antenna and Microwave Theory Credit Hours: 3.0\r\nEE 4523 - Introduction to Electric Power System Engineering and Analysis Credit Hours: 3.0\r\nEE 4673 - Embedded Systems Credit Hours: 3.0\r\nEE 4683 - Computer Architecture Credit Hours: 3.0\r\nEE 4713 - Communication Engineering Credit Hours: 3.0\r\nEE 4853 - Electronic Navigation Systems Credit Hours: 3.0\r\nEE 4913 - Programmable Logic Controllers Credit Hours: 3.0'),('EE Tech Elective 1','Electrical Engineering','Electrical Engineering Technical Electives','D',3,'EE-Elective','Complete two courses (minimum 6 credit hours) from the following. No course can be used to satisfy two requirements.\r\n\r\nEE4***, \r\nCS 4***, \r\nMATH 4***, \r\nMGT 2020,\r\nME 3510, \r\nCE 3400, \r\nET 2240,\r\nET 3200\r\nET 2300\r\nET 2220'),('EE Tech Elective 2','Electrical Engineering','Electrical Engineering Technical Electives','D',3,'EE-Elective','Complete two courses (minimum 6 credit hours) from the following. No course can be used to satisfy two requirements.\r\n\r\nEE4***, \r\nCS 4***, \r\nMATH 4***, \r\nMGT 2020,\r\nME 3510, \r\nCE 3400, \r\nET 2240,'),('EE1014','Electrical Engineering','Introduction to Electrical Engineering','C',3,'EE-Major','Introduction to the profession of electrical engineering. Develops a knowledge of key technical concepts of electricity: voltage, current, resistance, and power. Explores the history, professional values, and methods of electrical engineering. Lab work provides hands-on experience with electrical systems. Introduction to MATLAB®. \r\n\r\nRequisites: MATH 1200 or above or math placement level 2 or higher'),('EE1014-CPE','Computer Engineering','Introduction to Electrical Engineering','C',4,'CPE-Major',''),('EE1024-CPE','Computer Engineering','Introduction to Computer Engineering','D',4,'CPE-Major','Introduction to the field of computer engineering. Develops a knowledge of the fundamentals of Boolean algebra, binary arithmetic, characteristics of logic gates, and flip-flops. Lab work provides hands-on experience with digital systems. \r\n\r\nRequisites: MATH 1200 or math placement level 2 or higher'),('EE1024-CS','Computer Science','Introduction To computer engineering','C+',4,'CS-Major',''),('EE1024-EE','Electrical Engineering','Introduction to Computer Engineering','C',4,'EE-Major','Introduction to the field of computer engineering. Develops a knowledge of the fundamentals of Boolean algebra, binary arithmetic, characteristics of logic gates, and flip-flops. Lab work provides hands-on experience with digital systems. \r\n\r\nRequisites: MATH 1200 or math placement level 2 or higher'),('EE2104','Electrical Engineering','Circuits 1','C',4,'EE-Major','DC circuit analysis, Kirchhoff’s laws, nodal and mesh analysis, circuit theorems, operational amplifiers, inductance and capacitance, first-order RC and RL circuits, second-order RLC circuits, transient response analysis, and AC circuit analysis using phasors.\r\n\r\nRequisites: (EE 101 or 1014) and (MATH 2301 or concurrent)'),('EE2104-CPE','Computer Engineering','Circuits 1','C',4,'CPE-Major','DC circuit analysis, Kirchhoff’s laws, nodal and mesh analysis, circuit theorems, operational amplifiers, inductance and capacitance, first-order RC and RL circuits, second-order RLC circuits, transient response analysis, and AC circuit analysis using phasors.\r\n\r\nRequisites: (EE 101 or 1014) and (MATH 2301 or concurrent)'),('EE2114','Electrical Engineering','Circuits 2','C',4,'EE-Major','Continuation of EE 2104. AC power analysis, three-phase circuits, magnetically coupled circuits and transformers, frequency response, passive and active filters, and circuit analysis using the Laplace transform. Includes a laboratory. \r\n\r\nRequisites: C or better in EE 2104 and EE 2213'),('EE2114-CPE','Computer Engineering','Circuits 2','C',4,'CPE-Major','Continuation of EE 2104. AC power analysis, three-phase circuits, magnetically coupled circuits and transformers, frequency response, passive and active filters, and circuit analysis using the Laplace transform. Includes a laboratory. \r\n\r\nRequisites: C or better in EE 2104 and EE 2213'),('EE2213','Electrical Engineering','Instrumentation Lab','C',3,'EE-Major','Introduction to electrical instruments and measurement techniques. Emphasis on electrical characteristic, limitations, and proper use of electrical laboratory equipment. Safety in operation and experimental procedures covered. Emphasis also placed on the proper acquisition, recording, analysis, and reporting of data. Format iincludes classroom instruction and laboratory work.\r\n\r\nRequisites: EE 2104 or concurrent'),('EE2324','Electrical Engineering','Analytical Foundations of Electrical Engineering','C',4,'EE-Major','Vector analysis with applications to electromagnetic fields. Matrix theory with applications to state variable formulation of linear and non-linear systems. Complex variable theory with applications to systems in preparation for Laplace transforms. Analysis of ordinary differential equations. Special analytical techniques for the solution of complex engineering problems utilizing computer-oriented techniques.\r\n\r\nRequisites: (CS 210 or 240A or 2400) and (EE 101 or 1014) and MATH 2302'),('EE2324-CPE','Computer Engineering','Analytical Foundations of Electrical Engineering','D',4,'CPE-Major','Vector analysis with applications to electromagnetic fields. Matrix theory with applications to state variable formulation of linear and non-linear systems. Complex variable theory with applications to systems in preparation for Laplace transforms. Analysis of ordinary differential equations. Special analytical techniques for the solution of complex engineering problems utilizing computer-oriented techniques.\r\n\r\nRequisites: (CS 210 or 240A or 2400) and (EE 101 or 1014) and MATH 2302'),('EE3214','Electrical Engineering','Electromagnetics and Materials 1','C',3,'EE-Major','Explores Maxwell’s equations through an overview of properties of materials, electrostatics, magnetostatics and electrostatics, and magnetostatics and electrodynamics.\r\n\r\nRequisites: EE 2324 or MATH 440'),('EE3214-CPE','Computer Engineering','Electromagnetics and Materials 1','C',4,'CPE-Major','Explores Maxwell’s equations through an overview of properties of materials, electrostatics, magnetostatics and electrostatics, and magnetostatics and electrodynamics.\r\n\r\nRequisites: EE 2324 or MATH 440'),('EE3223','Electrical Engineering','Electromagnetics and Materials 2','C',3,'EE-Major',''),('EE3313-CPE','Computer Engineering','Instrumentation Lab','D',3,'CPE-Major','Introduction to electrical instruments and measurement techniques. Emphasis on electrical characteristic, limitations, and proper use of electrical laboratory equipment. Safety in operation and experimental procedures covered. Emphasis also placed on the proper acquisition, recording, analysis, and reporting of data. Format iincludes classroom instruction and laboratory work.\r\n\r\nRequisites: EE 2104 or concurrent'),('EE3334','Electrical Engineering','Linear Signals and Systems','C',4,'EE-Major','Develop an understanding of the relationship between signals and systems. Methods for the analysis of continuous-time signals and linear time-invariant systems will be covered in depth. Includes concepts of convolution, Fourier series and Fourier transform, and Laplace transform, with applications in analysis and design of frequency selective filters, communication and control systems. Also develop an awareness of discrete time signals and systems, and an awareness of state space representations of linear systems.\r\n\r\nRequisites: EE 2114 and EE 2324'),('EE3343','Electrical Engineering','Electronics 1','C',3,'EE-Major','Develop an understanding of electronic devices including diodes, biopolar transistors, and FETs. Develop an awareness of digital electronics, complementary MOS logic design and bipolar logic circuits. Small-signal modeling and linear amplification also covered. Includes computer-aided analysis and design.\r\n\r\nRequisites: EE 2324 or MATH 440'),('EE3343-CPE','Computer Engineering','Electronics 1','C',3,'CPE-Major','Develop an understanding of electronic devices including diodes, biopolar transistors, and FETs. Develop an awareness of digital electronics, complementary MOS logic design and bipolar logic circuits. Small-signal modeling and linear amplification also covered. Includes computer-aided analysis and design.\r\n\r\nRequisites: EE 2324 or MATH 440'),('EE3513','Electrical Engineering','Digital Signals and Systems','C',3,'EE-Major','Introduction to discrete-time signals and systems including convolution, z-transforms and frequency response.\r\n\r\nRequisites: EE2324 or EE2114'),('EE3513-CPE','Computer Engineering','Digital Signals and Systems-CPE','C',3,'CPE-Major','Introduction to discrete-time signals and systems including convolution, z-transforms and frequency response.\r\n\r\nRequisites: EE2324 or EE2114'),('EE3613','Computer Engineering','Computer Organization','D',3,'CPE-Major','Computer organization and architecture with emphasis in the design of single and multicore architectures; quantitative cost, performance-power trade-offs, Amdahl’s Law, instruction set architecture (RISC), assembly language programming, number representations, adders and simple ALUs, integer and floating point computer arithmetic, single and multi-cycle implementation of control and data-path design, pipelining with hazard detection, memory hierarchy and memory management, cache and virtual memory, and I/O devices. Term paper/project involving computer hardware design and system simulation required. \r\n\r\nRequisites: (CS 2400 or 240A) and (EE 1024 or 102)'),('EE3613-CS','Computer Science','Computer Organization','C+',3,'CS-Major',''),('EE3713','Electrical Engineering','Probobility and Statistics for electrical Engineers','D',3,'EE-Major','Fundamentals of statistics and probability and the ability to apply them to problems in electrical engineering.\r\n\r\nRequisites: MATH 2302'),('EE3713-CPE','Computer Engineering','Probobility and Statistics for electrical Engineers','D',3,'CPE-Major',''),('EE3713-CS','Computer Science','Applied Probability and Statistics for Electrical Engineers','D-',3,'CS-Major',''),('EE3753-CPE','Computer Engineering','Introduction to Computer Networks','D',3,'CPE-Major','Computer networks with an emphasis on the design and working of Internet, protocol layers, service models, HTTP, FTP, electronic mail, UDP, TCP, congestion control, hierarchical routing, internet protocol (IP), IPv4, IPv6, data link layer, error correction and detection, multiple access protocols, Ethernet, bridges, hubs, wireless link, PPP, ATM, multimedia over IP, and basic security such as encryption, authentication and firewalls.\r\n\r\nRequisites: EE 2324 or MATH 340'),('EE3954','Computer Engineering','Microcontrollers and Microprocessors','D',4,'CPE-Major','Introduction to microcontrollers and their architecture; assembly language; timing analysis of assembly language programs; digital input/output (I/O); in-depth discussion on the use of built-in peripheral devices such as timers, analog-to-digital converters, EEPROM storage devices, capture/compare/PWM, and parallel and serial communication devices; serial communication includes both synchronous communication (SPI, I2C) and asynchronous (USART) communication; introduction to systems of networked microcontrollers; advanced fixed-point arithmetic on a microcontroller.\r\n\r\nRequisites: (CS 210 or 240A or 2400) and (EE 1024 or 102)'),('EE3954-CS','Computer Science','Microprocessors','D-',4,'CS-Major',''),('EE3954-EE','Electrical Engineering','Microcontrollers and Microprocessors','D',4,'EE-Major','Introduction to microcontrollers and their architecture; assembly language; timing analysis of assembly language programs; digital input/output (I/O); in-depth discussion on the use of built-in peripheral devices such as timers, analog-to-digital converters, EEPROM storage devices, capture/compare/PWM, and parallel and serial communication devices; serial communication includes both synchronous communication (SPI, I2C) and asynchronous (USART) communication; introduction to systems of networked microcontrollers; advanced fixed-point arithmetic on a microcontroller.\r\n\r\nRequisites: (CS 210 or 240A or 2400) and (EE 1024 or 102)'),('EE3963','Electrical Engineering','Electric Machines','D',3,'EE-Major','Basic principles of electromechanical machines. Circuit models and parameter tests for single-phase and 3-phase transformers. Fundamentals of DC machinery; circuit models and characteristics of DC motors. Fundamentals of AC machinery; theory and operation of synchronous machines and induction motors.\r\n\r\nRequisites: EE 2114 or ET 3132'),('EE3973','Electrical Engineering','Electronics 2','C',3,'EE-Major','Continuation of EE 3343. Semiconductor devices. AC-coupled amplifiers. Feedback. Differential amplifiers. Oscillators. Power devices.\r\n\r\nRequisites: EE 3343'),('EE4673','Computer Engineering','Embedded Systems','D',3,'CPE-Major','Introduction and history of embedded systems; defining embedded system using requirements; embedded system processors including microcontrollers, low-power microprocessors, digital signal processors and Field Programmable Gate Arrays (FPGA); distributed embedded systems; timing aspects of embedded systems; real-time operation and real-time operating systems as applied to embedded systems; the economy of embedded systems; fault tolerance; communication protocols overview and more detailed description of the Controller Area Network (CAN) and Time-Triggered Protocol (TTP) as well as some wireless networks used in wireless sensor networks; defining interfaces and the use of mixed-signal systems (digital and analog); design methodologies and tools. \r\n\r\nRequisites: EE 3954EE 395A or 3954'),('EE4673-CPE','Computer Engineering','Embedded Systems','D',3,'CPE-Major','Introduction and history of embedded systems; defining embedded system using requirements; embedded system processors including microcontrollers, low-power microprocessors, digital signal processors and Field Programmable Gate Arrays (FPGA); distributed embedded systems; timing aspects of embedded systems; real-time operation and real-time operating systems as applied to embedded systems; the economy of embedded systems; fault tolerance; communication protocols overview and more detailed description of the Controller Area Network (CAN) and Time-Triggered Protocol (TTP) as well as some wireless networks used in wireless sensor networks; defining interfaces and the use of mixed-signal systems (digital and analog); design methodologies and tools. \r\n\r\nRequisites: EE 3954EE 395A or 3954'),('EE4683','Computer Engineering','Computer Architecture','D',3,'CPE-Major','Emphasis on the design of advanced architectural concepts for multicores; performance trade-offs for multicores, advanced pipelining, superscalar and dynamic scheduling, limits of instruction level parallelism, multithreading and multicores, multi-level caching, virtual memory, I/O fundamentals and techniques, classification of parallel machines, shared memory multiprocessors, cache coherence, interconnection networks and clusters. Term paper/project involving computer hardware design and system simulation required.\r\n\r\nRequisites: EE 3613'),('EE4683-CPE','Computer Engineering','Computer Architecture','D',3,'CPE-Major','Emphasis on the design of advanced architectural concepts for multicores; performance trade-offs for multicores, advanced pipelining, superscalar and dynamic scheduling, limits of instruction level parallelism, multithreading and multicores, multi-level caching, virtual memory, I/O fundamentals and techniques, classification of parallel machines, shared memory multiprocessors, cache coherence, interconnection networks and clusters. Term paper/project involving computer hardware design and system simulation required.\r\n\r\nRequisites: EE 3613'),('EE4953','Electrical Engineering','Electrical and Computer Engineering Capstone 1','D',3,'EE-Capstone','Provides students the opportunity to refine and demonstrate their ability in engineering design. Major design team project developed emphasizing problem definition and specification. Preliminary design review conducted. Examines systems approach to problem solving, engineering ethics, economic analysis, and the elements of scheduling and planning. \r\n\r\nRequisites: 33 Hours in EE'),('EE4953-CPE','Computer Engineering','Electrical and Computer Engineering Capstone 1','D',3,'CPE-Major','Provides students the opportunity to refine and demonstrate their ability in engineering design. Major design team project developed emphasizing problem definition and specification. Preliminary design review conducted. Examines systems approach to problem solving, engineering ethics, economic analysis, and the elements of scheduling and planning. \r\n\r\nRequisites: 33 Hours in EE'),('EE4963','Electrical Engineering','Electrical and Computer Engineering Capstone 2','D',3,'EE-Capstone','Continuation of team design project begun in EE 4953 with an emphasis on construction, pre-testing, and redesign; then ultimately final design assembly, testing, and analysis of outcomes. Critical design and formal design reviews conducted. Exposure to a variety of career options. Examine and develop skills necessary for a successful engineering career.\r\n\r\nCredit Hours: 3.0'),('EE4963-CPE','Computer Engineering','Electrical and Computer Engineering Capstone 2','D',3,'CPE-Major','Continuation of team design project begun in EE 4953 with an emphasis on construction, pre-testing, and redesign; then ultimately final design assembly, testing, and analysis of outcomes. Critical design and formal design reviews conducted. Exposure to a variety of career options. Examine and develop skills necessary for a successful engineering career.\r\n\r\nCredit Hours: 3.0'),('ENG1510-AVN','Aviation and Flight','Writing and Rhetoric 1','C',3,'GenEd','Practice in composing and revising expository essays that are well organized, logically coherent, and effective for their purpose and audience. Topics from personal experience, nonfiction reading, and research material.'),('ET2200-CE','Civil Engineering','Statics','D',3,'CE-Major','Laws of equilibrium of forces, friction, centroids, and moment of inertia. \r\n\r\nRequisites: MATH 2302 and PHYS 2051'),('ET2220-CE','Civil Engineering','Strenght of Materials','C',3,'CE-Major','Simple stresses and strains, bending, torsion, beam deflection, columns, and combined stresses. \r\n\r\nRequisites: C or better in ET 2200'),('ET2240-CE','Civil Engineering','Dynamics','C',3,'CE-Major','Motion of particles and rigid bodies, work and energy, impulse and momentum. \r\n\r\nRequisites: PHYS 2051 and (C or better in ET 2200)'),('GEOG1310-AVN','Aviation and Flight','Globalization and the Developing World','C',3,'GenEd','Survey of globalization and its impact on development, international relations, environment and culture in developing countries around the world.'),('GEOL2830-CE','Civil Engineering','Geology for Engineers','D',4,'CE-Major','Geologic principles applied to engineering projects and materials. \r\n\r\nRequisites: WARNING: No credit for this course if taken after the following: GEOL 1010\r\nCredit Hours: 4.0'),('Lab Science Sequence','Computer Science','Various Lab Sequnces','C+',8,'CS-Major','Choices are Chem 1510 and 1520, BIOS 1700 and 1710, Physics 2051 and 2052, and PBIO 1140 and 1150'),('MATH2301-CE','Civil Engineering','Calculus 1','C',4,'CE-Major','First course in calculus and analytic geometry with applications in the sciences and engineering. Includes basic techniques of differentiation and integration with applications including rates of change, optimization problems, and curve sketching; includes exponential, logarithmic and trigonometric functions. No credit for both MATH 2301 and 1350 (always keep 2301).\r\n\r\nRequisites: (A in 163A) or (B or better in MATH 1350) or (C or better in 1300 or 1322) or (Math placement level 3)'),('MATH2301-CPE','Computer Engineering','Calculus 1','C',4,'CPE-Major',''),('MATH2301-CS','Computer Science','Calculus-1','C+',4,'CS-Major',''),('MATH2301-EE','Electrical Engineering','Calculus 1','C',4,'EE-Major','First course in calculus and analytic geometry with applications in the sciences and engineering. Includes basic techniques of differentiation and integration with applications including rates of change, optimization problems, and curve sketching; includes exponential, logarithmic and trigonometric functions. No credit for both MATH 2301 and 1350 (always keep 2301).\r\n\r\nRequisites: (A in 163A) or (B or better in MATH 1350) or (C or better in 1300 or 1322) or (Math placement level 3)'),('MATH2302-CE','Civil Engineering','Calculus 2','C',4,'CE-Major','Second course in calculus and analytic geometry with applications in the sciences and engineering. Includes techniques of integration, conic sections, polar coordinates, infinite series, vectors and vector operations.\r\n\r\nRequisites: C or better in MATH 2301 or 263B'),('MATH2302-CPE','Computer Engineering','Calculus 2','D',4,'CPE-Major',''),('MATH2302-CS','Computer Science','Calculus-1','D-',4,'CS-Major',''),('MATH2302-EE','Electrical Engineering','Calculus 2','C',4,'EE-Major','Second course in calculus and analytic geometry with applications in the sciences and engineering. Includes techniques of integration, conic sections, polar coordinates, infinite series, vectors and vector operations.\r\n\r\nRequisites: C or better in MATH 2301 or 263B'),('MATH3200-CE','Civil Engineering','Applied Linear Algebra','D',3,'CE-Major','A course on linear algebra with an emphasis on applications and computations. Solutions to linear systems, matrices and matrix algebra, determinants, n-dimensional real vector spaces and subspaces, bases and dimension, eigenvalues and eigenvectors, diagonalization, norms, inner product spaces, orthogonality and least squares problems. No credit for both this course and MATH 3210 (first taken deducted).\r\n\r\nRequisites: (MATH 163A or 263A or 1350 or 2301) and WARNING: No credit for both this course and MATH 3210 (first course taken deducted)'),('MATH3200-CS','Computer Science','Linear Algebra','D-',3,'CS-Major',''),('MATH3300-EE','Electrical Engineering','Calculus 3','D',4,'EE-Major','Third course in calculus and analytic geometry with applications in the sciences and engineering. Includes partial differentiation, multiple integrals, line and surface integrals, and the integral theorems of vector calculus. \r\n\r\nRequisites: C or better in MATH 2302'),('MATH3400-CE','Civil Engineering','Elementary Differential Equations','D',3,'CE-Major','Introduction to ordinary differential equations and their use as models for applications with an emphasis on exact solution methods for linear equations and systems including Laplace transform methods. \r\n\r\nRequisites: C or better in MATH 2302'),('PHYS2051-CE','Civil Engineering','General Physics','C',5,'CE-Major','Classical physics with calculus and vectors. Newtonian mechanics, rotational dynamics, gravitation, oscillations, fluids, thermodynamics.\r\n\r\nRequisites: MATH 263A or 266A or 266B or (2301 or concurrent)'),('PHYS2051-CPE','Computer Engineering','General Physics','D',5,'CPE-Major',''),('PHYS2051-EE','Electrical Engineering','General Physics','D',5,'EE-Major','Classical physics with calculus and vectors. Newtonian mechanics, rotational dynamics, gravitation, oscillations, fluids, thermodynamics.\r\n\r\nRequisites: MATH 263A or 266A or 266B or (2301 or concurrent)'),('PHYS2052-CE','Civil Engineering','General Physics','D',5,'CE-Major','Classical physics with calculus and vectors. wave mechanics and phenomena, electrostatics, capacitance, electric current and circuits, magnetism and magnetic fields, electric induction, A.C. circuits, electromagnetic waves, geometrical optics, interference, and diffraction of light.\r\n\r\nRequisites: (MATH 2301 or 263A or 263B or 266A or 266B) and PHYS 2051');
/*!40000 ALTER TABLE `advisingApp_courses` ENABLE KEYS */;
UNLOCK TABLES;

--
-- Table structure for table `advisingApp_degrees`
--

DROP TABLE IF EXISTS `advisingApp_degrees`;
/*!40101 SET @saved_cs_client     = @@character_set_client */;
/*!40101 SET character_set_client = utf8 */;
CREATE TABLE `advisingApp_degrees` (
  `TITLE` varchar(50) NOT NULL,
  `About` longtext NOT NULL,
  `Requiured_Credits` int(11) NOT NULL,
  `Deparment_Name_id` int(11) NOT NULL,
  PRIMARY KEY (`TITLE`),
  KEY `advisingApp_degrees_272592b8` (`Deparment_Name_id`),
  CONSTRAINT `a_Deparment_Name_id_60329741_fk_advisingApp_departments_DEPT_NUM` FOREIGN KEY (`Deparment_Name_id`) REFERENCES `advisingApp_departments` (`DEPT_NUM`)
) ENGINE=InnoDB DEFAULT CHARSET=latin1;
/*!40101 SET character_set_client = @saved_cs_client */;

--
-- Dumping data for table `advisingApp_degrees`
--

LOCK TABLES `advisingApp_degrees` WRITE;
/*!40000 ALTER TABLE `advisingApp_degrees` DISABLE KEYS */;
INSERT INTO `advisingApp_degrees` VALUES ('Aviation Flight','The aviation flight program is a Federal Aviation Administration (FAA) approved FAR 141 program that meets the federal regulations for pilot training schools. Specifically, the flight program educates and prepares students for a variety of pilot-related positions, including professional flight instructor, commercial pilot, airline pilot, and corporate pilot positions. Flight training is completed in university-owned aircraft.',120,5),('Chemical Engineering','The Department of Chemical and Biomolecular Engineering offers an accredited B.S. in chemical engineering.  The undergraduate program’s objectives are for graduates to gain a strong foundation in chemical engineering theory and practice, have communication and interpersonal skills needed to succeed in a professional environment, and have the ability to become scholars and professionals dedicated to the betterment of themselves and society.\r\n\r\nUndergraduate study begins with foundation courses in chemistry, biology, physics, and mathematics.  Individual and team projects are introduced early and continue throughout the curriculum, providing professional development through teamwork, communication skills and the ability to solve problems beyond the textbook. Students progress from basic analysis of commercial chemical and biological processes to operating pilot-scale manufacturing equipment and designing a complete manufacturing process.\r\n\r\nIn addition to their core requirements, students select from a wide range of technical elective courses in engineering, science and mathematics, giving the degree a strong interdisciplinary flavor. Student opting for the general track can choose electives from the full breadth of subject areas.  Students with a specific interest in focusing their technical electives may consider one of the tracks offered within the B.S. ChE degree,  These are the Chemical Engineering - Materials Track (BS7262), Chemical Engineering - Biological Track (BS7263), or the Chemical Engineering - Energy & the Environment Track (BS7264).',120,4),('Civil Engineering','Civil engineering evolved as a formal discipline at the start of the 19th century as a response to society’s needs for increased mobility and convenience. Today’s civil engineers deal primarily with public and private infrastructure and its relation to the environment, which includes planning, design, construction, and maintenance of transportation systems, bridges, dams, buildings, water supply/distribution/treatment systems, wastewater and storm water collection/treatment/disposal systems, irrigation systems, and flood control. Civil engineers also operate public and private works, and design environmental protection for water, air, and land.',120,2),('Computer Engineering','The electrical engineering program offers two curriculum tracks leading to a B.S.E.E. degree. The electrical engineering (EE) track is intended for students who want to work in one of the many areas of electrical engineering. A computer engineering (CpE) track is available for students who intend to work in the area of computers. Students who are undecided as to which area they want to pursue should follow the electrical engineering track until they decide.',120,1),('Computer Science','cool stuff',120,1),('Electrical Engineering','The electrical engineering program offers two curriculum tracks leading to a B.S.E.E. degree. The electrical engineering (EE) track is intended for students who want to work in one of the many areas of electrical engineering. A computer engineering (CpE) track is available for students who intend to work in the area of computers. Students who are undecided as to which area they want to pursue should follow the electrical engineering track until they decide.',120,1),('Engineering Technology and Management','The Bachelor of Science in Engineering Technology and Management combines technical courses, with a business minor, quantitative sciences, natural sciences, and general education to prepare graduates for technical, management, and/or applied engineering positions in business and industry. The engineering technology and management program is accredited by the Association of Technology Management and Applied Engineering (for more information see www.atmae.org).\r\n\r\nOver 90% of the engineering technology and management courses include lab activities in which students apply the theory they learned in the classroom to “real life” problems and projects. These activities are not simply simulation; they have real outcomes as well as consequences. This activity based, “hands on”, approach to learning provides students technical knowledge as well as continuously improving their problem solving skills.\r\n\r\nThe engineering technology and management graduate is a technical generalist who is competent in assessing problems and proposing solutions to improve productivity related to product specifications, materials and processes, industrial control and information systems, and operations management.',120,3),('Industrial and Systems Engineering','Industrial and systems engineers obtain a broad technical background with special attention to productivity, costs, quality, and the human factor in production and other systems. The systems to which industrial engineering techniques can be applied are quite diverse. Typically, industrial engineers have worked in manufacturing systems, but the methods have found applications in many other systems, including distribution centers, information systems, hospitals, transportation networks, and financial systems.',120,7),('Mechanical Engineering','Ohio University’s Mechanical Engineering major program has four educational objectives:\r\n\r\nPrepare graduates for engineering careers and advanced education\r\nGraduate mechanical engineers with technical skills\r\nGraduate mechanical engineers with skills to perform in the work environment\r\nGraduate mechanical engineers who are informed and aware of contemporary issues and the impact of engineering on society.\r\nMechanical engineering is an extremely diverse profession that is concerned with\r\n\r\nthe economical and ecological conversion of energy from natural sources to provide power, heating, cooling, and propulsion\r\nthe design of all types of machines, engines, and vehicles\r\nthe processing of materials into useful products\r\nthe development of systems for using machines and resources.\r\nProfessional activities include research, development, design, testing, production, operation and maintenance, marketing and sales, technical management, and administration.\r\nThe mechanical engineering curriculum is designed to provide a solid foundation in higher mathematics and basic sciences followed by extensive instruction in all of the classical mechanical engineering disciplines. Design and project experiences dealing with real engineering problems are integrated into the curriculum to help students:\r\n\r\napply their own creativity in formulating alternative engineering solutions\r\ndevelop an ability to work independently and/or in teams, which is an important skill for continued growth as a practicing engineer\r\nbridge the gap between the acquisition of engineering knowledge in required courses and the application of that knowledge to solve engineering problems.',120,6);
/*!40000 ALTER TABLE `advisingApp_degrees` ENABLE KEYS */;
UNLOCK TABLES;

--
-- Table structure for table `advisingApp_departments`
--

DROP TABLE IF EXISTS `advisingApp_departments`;
/*!40101 SET @saved_cs_client     = @@character_set_client */;
/*!40101 SET character_set_client = utf8 */;
CREATE TABLE `advisingApp_departments` (
  `Name` longtext NOT NULL,
  `DEPT_NUM` int(11) NOT NULL,
  `Building` varchar(100) NOT NULL,
  PRIMARY KEY (`DEPT_NUM`)
) ENGINE=InnoDB DEFAULT CHARSET=latin1;
/*!40101 SET character_set_client = @saved_cs_client */;

--
-- Dumping data for table `advisingApp_departments`
--

LOCK TABLES `advisingApp_departments` WRITE;
/*!40000 ALTER TABLE `advisingApp_departments` DISABLE KEYS */;
INSERT INTO `advisingApp_departments` VALUES ('Electrical Engineering and Computer Science',1,'Stocker'),('Civil Engineering',2,'Stocker Center'),('Engineering Technology and Management',3,'Stocker Center'),('Chemical and Biomolecular Engineering',4,'Stocker Center'),('Aviation',5,'Stocker Center'),('Mechanical Engineering',6,'Stocker Center'),('Industrial Systems Engineering',7,'Stocker Center');
/*!40000 ALTER TABLE `advisingApp_departments` ENABLE KEYS */;
UNLOCK TABLES;

--
-- Table structure for table `advisingApp_prerequisites`
--

DROP TABLE IF EXISTS `advisingApp_prerequisites`;
/*!40101 SET @saved_cs_client     = @@character_set_client */;
/*!40101 SET character_set_client = utf8 */;
CREATE TABLE `advisingApp_prerequisites` (
  `TITLE` varchar(10) NOT NULL,
  `Course_id` varchar(40) NOT NULL,
  PRIMARY KEY (`TITLE`),
  KEY `advisingApp_prerequisites_Course_id_4e90d645_fk` (`Course_id`),
  CONSTRAINT `advisingApp_prerequisites_Course_id_4e90d645_fk` FOREIGN KEY (`Course_id`) REFERENCES `advisingApp_courses` (`TITLE`)
) ENGINE=InnoDB DEFAULT CHARSET=latin1;
/*!40101 SET character_set_client = @saved_cs_client */;

--
-- Dumping data for table `advisingApp_prerequisites`
--

LOCK TABLES `advisingApp_prerequisites` WRITE;
/*!40000 ALTER TABLE `advisingApp_prerequisites` DISABLE KEYS */;
/*!40000 ALTER TABLE `advisingApp_prerequisites` ENABLE KEYS */;
UNLOCK TABLES;

--
-- Table structure for table `advisingApp_students`
--

DROP TABLE IF EXISTS `advisingApp_students`;
/*!40101 SET @saved_cs_client     = @@character_set_client */;
/*!40101 SET character_set_client = utf8 */;
CREATE TABLE `advisingApp_students` (
  `PID` varchar(9) NOT NULL,
  `Email` varchar(100) NOT NULL,
  `Fname` varchar(50) NOT NULL,
  `Lname` varchar(50) NOT NULL,
  `Years_To_Completion` decimal(5,2) NOT NULL,
  `AdvisorEmail_id` varchar(100) NOT NULL,
  PRIMARY KEY (`PID`),
  KEY `advisingAp_AdvisorEmail_id_d105f32e_fk_advisingApp_advisor_EMAIL` (`AdvisorEmail_id`),
  CONSTRAINT `advisingAp_AdvisorEmail_id_d105f32e_fk_advisingApp_advisor_EMAIL` FOREIGN KEY (`AdvisorEmail_id`) REFERENCES `advisingApp_advisor` (`EMAIL`)
) ENGINE=InnoDB DEFAULT CHARSET=latin1;
/*!40101 SET character_set_client = @saved_cs_client */;

--
-- Dumping data for table `advisingApp_students`
--

LOCK TABLES `advisingApp_students` WRITE;
/*!40000 ALTER TABLE `advisingApp_students` DISABLE KEYS */;
INSERT INTO `advisingApp_students` VALUES ('100124250','tc670611@ohio.edu','Tyler','Cline',4.00,'juedes@ohio.edu'),('100124251','tc@ohio.edu','Tyler','Cline',4.00,'juedes@ohio.edu'),('100124252','t@ohio.edu','Tyler','Cline',4.00,'juedes@ohio.edu'),('100124256','g@ohio.edu','e','y',4.00,'juedes@ohio.edu'),('123412342','tc670611@yahoo.com','Tyler','Cline',4.00,'juedes@ohio.edu'),('123513263','bbbbb@ohio.edu','123','12341234',1.00,'juedes@ohio.edu'),('234667324','asdf@ohio.edu','234672346346','23462357252',3.00,'juedes@ohio.edu');
/*!40000 ALTER TABLE `advisingApp_students` ENABLE KEYS */;
UNLOCK TABLES;

--
-- Table structure for table `advisingApp_takes`
--

DROP TABLE IF EXISTS `advisingApp_takes`;
/*!40101 SET @saved_cs_client     = @@character_set_client */;
/*!40101 SET character_set_client = utf8 */;
CREATE TABLE `advisingApp_takes` (
  `PID` varchar(9) NOT NULL,
  `Grade_Received` varchar(3) NOT NULL,
  `Enrolled` tinyint(1) NOT NULL,
  `Tier1comp` tinyint(1) NOT NULL,
  `Tier1jc` tinyint(1) NOT NULL,
  `Tier1qs` tinyint(1) NOT NULL,
  `Tier2` decimal(5,1) NOT NULL,
  `Tier3` tinyint(1) NOT NULL,
  `CrossCulture` tinyint(1) NOT NULL,
  `FineArts` tinyint(1) NOT NULL,
  `Humanities` tinyint(1) NOT NULL,
  `NaturalScience` tinyint(1) NOT NULL,
  `ScienceMath` tinyint(1) NOT NULL,
  `SocialScience` tinyint(1) NOT NULL,
  `FreeElectives` tinyint(1) NOT NULL,
  PRIMARY KEY (`PID`)
) ENGINE=InnoDB DEFAULT CHARSET=latin1;
/*!40101 SET character_set_client = @saved_cs_client */;

--
-- Dumping data for table `advisingApp_takes`
--

LOCK TABLES `advisingApp_takes` WRITE;
/*!40000 ALTER TABLE `advisingApp_takes` DISABLE KEYS */;
INSERT INTO `advisingApp_takes` VALUES ('100124250','',1,1,1,1,12.0,0,1,1,1,1,1,1,0),('100124252','',1,1,1,1,0.0,0,1,1,0,0,1,0,0),('123412342','',1,1,1,1,0.0,0,0,0,0,0,0,0,0),('123513263','',0,0,0,1,0.0,0,0,0,0,0,0,0,0),('234667324','',1,0,0,0,0.0,0,1,0,0,0,1,0,0);
/*!40000 ALTER TABLE `advisingApp_takes` ENABLE KEYS */;
UNLOCK TABLES;

--
-- Table structure for table `advisingApp_takes_Course_Title`
--

DROP TABLE IF EXISTS `advisingApp_takes_Course_Title`;
/*!40101 SET @saved_cs_client     = @@character_set_client */;
/*!40101 SET character_set_client = utf8 */;
CREATE TABLE `advisingApp_takes_Course_Title` (
  `id` int(11) NOT NULL AUTO_INCREMENT,
  `takes_id` varchar(9) NOT NULL,
  `courses_id` varchar(10) NOT NULL,
  PRIMARY KEY (`id`),
  UNIQUE KEY `advisingApp_takes_Course_Title_takes_id_bff27c2e_uniq` (`takes_id`,`courses_id`),
  KEY `advisingApp_tak_courses_id_7267dbbc_fk_advisingApp_courses_TITLE` (`courses_id`),
  CONSTRAINT `advisingApp_tak_courses_id_7267dbbc_fk_advisingApp_courses_TITLE` FOREIGN KEY (`courses_id`) REFERENCES `advisingApp_courses` (`TITLE`),
  CONSTRAINT `advisingApp_takes_Cou_takes_id_ff5cc12d_fk_advisingApp_takes_PID` FOREIGN KEY (`takes_id`) REFERENCES `advisingApp_takes` (`PID`)
) ENGINE=InnoDB AUTO_INCREMENT=33 DEFAULT CHARSET=latin1;
/*!40101 SET character_set_client = @saved_cs_client */;

--
-- Dumping data for table `advisingApp_takes_Course_Title`
--

LOCK TABLES `advisingApp_takes_Course_Title` WRITE;
/*!40000 ALTER TABLE `advisingApp_takes_Course_Title` DISABLE KEYS */;
INSERT INTO `advisingApp_takes_Course_Title` VALUES (3,'100124250','CS2400'),(5,'100124250','CS2401'),(7,'100124250','CS2650'),(8,'100124250','CS3000'),(6,'100124250','CS3200'),(4,'100124250','CS3560'),(1,'100124252','CS2400'),(2,'100124252','CS2401'),(13,'100124252','CS2650'),(14,'100124252','CS3000'),(12,'100124252','CS3200'),(10,'100124252','CS3560'),(9,'100124252','CS3610'),(11,'100124252','CS4000'),(15,'100124252','CS4040'),(23,'100124252','CS4060-E'),(20,'100124252','CS4100'),(24,'100124252','CS4250-E'),(17,'100124252','CS4420'),(22,'100124252','CS4560'),(27,'100124252','CS4561'),(26,'100124252','CS4580-E'),(25,'100124252','CS4620-E'),(30,'123412342','CS2400'),(31,'123513263','CS2400'),(32,'234667324','CS2401');
/*!40000 ALTER TABLE `advisingApp_takes_Course_Title` ENABLE KEYS */;
UNLOCK TABLES;

--
-- Table structure for table `auth_group`
--

DROP TABLE IF EXISTS `auth_group`;
/*!40101 SET @saved_cs_client     = @@character_set_client */;
/*!40101 SET character_set_client = utf8 */;
CREATE TABLE `auth_group` (
  `id` int(11) NOT NULL AUTO_INCREMENT,
  `name` varchar(80) NOT NULL,
  PRIMARY KEY (`id`),
  UNIQUE KEY `name` (`name`)
) ENGINE=InnoDB DEFAULT CHARSET=latin1;
/*!40101 SET character_set_client = @saved_cs_client */;

--
-- Dumping data for table `auth_group`
--

LOCK TABLES `auth_group` WRITE;
/*!40000 ALTER TABLE `auth_group` DISABLE KEYS */;
/*!40000 ALTER TABLE `auth_group` ENABLE KEYS */;
UNLOCK TABLES;

--
-- Table structure for table `auth_group_permissions`
--

DROP TABLE IF EXISTS `auth_group_permissions`;
/*!40101 SET @saved_cs_client     = @@character_set_client */;
/*!40101 SET character_set_client = utf8 */;
CREATE TABLE `auth_group_permissions` (
  `id` int(11) NOT NULL AUTO_INCREMENT,
  `group_id` int(11) NOT NULL,
  `permission_id` int(11) NOT NULL,
  PRIMARY KEY (`id`),
  UNIQUE KEY `auth_group_permissions_group_id_0cd325b0_uniq` (`group_id`,`permission_id`),
  KEY `auth_group_permissi_permission_id_84c5c92e_fk_auth_permission_id` (`permission_id`),
  CONSTRAINT `auth_group_permissi_permission_id_84c5c92e_fk_auth_permission_id` FOREIGN KEY (`permission_id`) REFERENCES `auth_permission` (`id`),
  CONSTRAINT `auth_group_permissions_group_id_b120cbf9_fk_auth_group_id` FOREIGN KEY (`group_id`) REFERENCES `auth_group` (`id`)
) ENGINE=InnoDB DEFAULT CHARSET=latin1;
/*!40101 SET character_set_client = @saved_cs_client */;

--
-- Dumping data for table `auth_group_permissions`
--

LOCK TABLES `auth_group_permissions` WRITE;
/*!40000 ALTER TABLE `auth_group_permissions` DISABLE KEYS */;
/*!40000 ALTER TABLE `auth_group_permissions` ENABLE KEYS */;
UNLOCK TABLES;

--
-- Table structure for table `auth_permission`
--

DROP TABLE IF EXISTS `auth_permission`;
/*!40101 SET @saved_cs_client     = @@character_set_client */;
/*!40101 SET character_set_client = utf8 */;
CREATE TABLE `auth_permission` (
  `id` int(11) NOT NULL AUTO_INCREMENT,
  `name` varchar(255) NOT NULL,
  `content_type_id` int(11) NOT NULL,
  `codename` varchar(100) NOT NULL,
  PRIMARY KEY (`id`),
  UNIQUE KEY `auth_permission_content_type_id_01ab375a_uniq` (`content_type_id`,`codename`),
  CONSTRAINT `auth_permissi_content_type_id_2f476e4b_fk_django_content_type_id` FOREIGN KEY (`content_type_id`) REFERENCES `django_content_type` (`id`)
) ENGINE=InnoDB AUTO_INCREMENT=52 DEFAULT CHARSET=latin1;
/*!40101 SET character_set_client = @saved_cs_client */;

--
-- Dumping data for table `auth_permission`
--

LOCK TABLES `auth_permission` WRITE;
/*!40000 ALTER TABLE `auth_permission` DISABLE KEYS */;
INSERT INTO `auth_permission` VALUES (1,'Can add log entry',1,'add_logentry'),(2,'Can change log entry',1,'change_logentry'),(3,'Can delete log entry',1,'delete_logentry'),(4,'Can add permission',2,'add_permission'),(5,'Can change permission',2,'change_permission'),(6,'Can delete permission',2,'delete_permission'),(7,'Can add group',3,'add_group'),(8,'Can change group',3,'change_group'),(9,'Can delete group',3,'delete_group'),(10,'Can add user',4,'add_user'),(11,'Can change user',4,'change_user'),(12,'Can delete user',4,'delete_user'),(13,'Can add content type',5,'add_contenttype'),(14,'Can change content type',5,'change_contenttype'),(15,'Can delete content type',5,'delete_contenttype'),(16,'Can add session',6,'add_session'),(17,'Can change session',6,'change_session'),(18,'Can delete session',6,'delete_session'),(19,'Can add site',7,'add_site'),(20,'Can change site',7,'change_site'),(21,'Can delete site',7,'delete_site'),(22,'Can add registration profile',8,'add_registrationprofile'),(23,'Can change registration profile',8,'change_registrationprofile'),(24,'Can delete registration profile',8,'delete_registrationprofile'),(25,'Can add advisor',9,'add_advisor'),(26,'Can change advisor',9,'change_advisor'),(27,'Can delete advisor',9,'delete_advisor'),(28,'Can add departments',10,'add_departments'),(29,'Can change departments',10,'change_departments'),(30,'Can delete departments',10,'delete_departments'),(31,'Can add students',11,'add_students'),(32,'Can change students',11,'change_students'),(33,'Can delete students',11,'delete_students'),(34,'Can add degrees',12,'add_degrees'),(35,'Can change degrees',12,'change_degrees'),(36,'Can delete degrees',12,'delete_degrees'),(37,'Can add prerequisites',13,'add_prerequisites'),(38,'Can change prerequisites',13,'change_prerequisites'),(39,'Can delete prerequisites',13,'delete_prerequisites'),(40,'Can add courses',14,'add_courses'),(41,'Can change courses',14,'change_courses'),(42,'Can delete courses',14,'delete_courses'),(43,'Can add takes',15,'add_takes'),(44,'Can change takes',15,'change_takes'),(45,'Can delete takes',15,'delete_takes'),(46,'Can add chooses',16,'add_chooses'),(47,'Can change chooses',16,'change_chooses'),(48,'Can delete chooses',16,'delete_chooses'),(49,'Can add contains',17,'add_contains'),(50,'Can change contains',17,'change_contains'),(51,'Can delete contains',17,'delete_contains');
/*!40000 ALTER TABLE `auth_permission` ENABLE KEYS */;
UNLOCK TABLES;

--
-- Table structure for table `auth_user`
--

DROP TABLE IF EXISTS `auth_user`;
/*!40101 SET @saved_cs_client     = @@character_set_client */;
/*!40101 SET character_set_client = utf8 */;
CREATE TABLE `auth_user` (
  `id` int(11) NOT NULL AUTO_INCREMENT,
  `password` varchar(128) NOT NULL,
  `last_login` datetime(6) DEFAULT NULL,
  `is_superuser` tinyint(1) NOT NULL,
  `username` varchar(30) NOT NULL,
  `first_name` varchar(30) NOT NULL,
  `last_name` varchar(30) NOT NULL,
  `email` varchar(254) NOT NULL,
  `is_staff` tinyint(1) NOT NULL,
  `is_active` tinyint(1) NOT NULL,
  `date_joined` datetime(6) NOT NULL,
  PRIMARY KEY (`id`),
  UNIQUE KEY `username` (`username`)
) ENGINE=InnoDB AUTO_INCREMENT=8 DEFAULT CHARSET=latin1;
/*!40101 SET character_set_client = @saved_cs_client */;

--
-- Dumping data for table `auth_user`
--

LOCK TABLES `auth_user` WRITE;
/*!40000 ALTER TABLE `auth_user` DISABLE KEYS */;
INSERT INTO `auth_user` VALUES (1,'pbkdf2_sha256$24000$PIwgxylXNWWO$MK9NL3L1RUQZXYbppKCFAGIqNpypXhLpHy/rCIPsJAI=','2016-08-05 16:41:14.508806',1,'tcline','','','t@ohio.edu',1,1,'2016-07-25 21:39:25.934880'),(2,'pbkdf2_sha256$24000$w3UqjZhyT4MT$vC5WAMrfdYPEhCxG+KnnFN0eDRGo/VZJawxPloBiigA=','2016-08-04 20:41:35.329303',0,'tcline1','','','tc670611@ohio.edu',0,1,'2016-07-25 21:40:18.146299'),(3,'pbkdf2_sha256$24000$F6A3tqTZB8KC$kWgkIeTlTv0L8bE6R3gaHnHGpSZfDxQQ3ytiM/5Msds=','2016-07-26 14:35:01.677259',0,'tcline2','','','tc@ohio.edu',0,1,'2016-07-26 01:57:06.904174'),(4,'pbkdf2_sha256$24000$omu5DDVbfUc2$8BL8qJg9io4hVL52EDO4siip4OYVU6lPPmvpilG0B6s=','2016-07-26 14:01:26.993726',0,'tcline3','','','g@ohio.edu',0,1,'2016-07-26 14:01:26.919887'),(5,'pbkdf2_sha256$24000$F7gYZaWBhuZc$+uFVQyFesFShOUf57CWngAARedgK3qrXI6XdOzwB+9c=','2016-08-05 13:59:08.860498',0,'tcline5','','','tc670611@yahoo.com',0,1,'2016-08-05 13:59:08.784850'),(6,'pbkdf2_sha256$24000$cVc5EmI8svnM$7r3W1fYmuWRVYJPcD72oUy397iBGE8ibOsJO0vmmLl8=','2016-08-09 20:58:16.774803',0,'TylerCline','','','bbbbb@ohio.edu',0,1,'2016-08-09 20:58:16.696375'),(7,'pbkdf2_sha256$24000$vXSKD5dVemMo$IitVwq3ehYRCffNAaKXsTfeW+w24pF6UbFeobH3UI4c=','2016-08-09 21:00:54.615662',0,'Tyler','','','asdf@ohio.edu',0,1,'2016-08-09 21:00:54.545874');
/*!40000 ALTER TABLE `auth_user` ENABLE KEYS */;
UNLOCK TABLES;

--
-- Table structure for table `auth_user_groups`
--

DROP TABLE IF EXISTS `auth_user_groups`;
/*!40101 SET @saved_cs_client     = @@character_set_client */;
/*!40101 SET character_set_client = utf8 */;
CREATE TABLE `auth_user_groups` (
  `id` int(11) NOT NULL AUTO_INCREMENT,
  `user_id` int(11) NOT NULL,
  `group_id` int(11) NOT NULL,
  PRIMARY KEY (`id`),
  UNIQUE KEY `auth_user_groups_user_id_94350c0c_uniq` (`user_id`,`group_id`),
  KEY `auth_user_groups_group_id_97559544_fk_auth_group_id` (`group_id`),
  CONSTRAINT `auth_user_groups_group_id_97559544_fk_auth_group_id` FOREIGN KEY (`group_id`) REFERENCES `auth_group` (`id`),
  CONSTRAINT `auth_user_groups_user_id_6a12ed8b_fk_auth_user_id` FOREIGN KEY (`user_id`) REFERENCES `auth_user` (`id`)
) ENGINE=InnoDB DEFAULT CHARSET=latin1;
/*!40101 SET character_set_client = @saved_cs_client */;

--
-- Dumping data for table `auth_user_groups`
--

LOCK TABLES `auth_user_groups` WRITE;
/*!40000 ALTER TABLE `auth_user_groups` DISABLE KEYS */;
/*!40000 ALTER TABLE `auth_user_groups` ENABLE KEYS */;
UNLOCK TABLES;

--
-- Table structure for table `auth_user_user_permissions`
--

DROP TABLE IF EXISTS `auth_user_user_permissions`;
/*!40101 SET @saved_cs_client     = @@character_set_client */;
/*!40101 SET character_set_client = utf8 */;
CREATE TABLE `auth_user_user_permissions` (
  `id` int(11) NOT NULL AUTO_INCREMENT,
  `user_id` int(11) NOT NULL,
  `permission_id` int(11) NOT NULL,
  PRIMARY KEY (`id`),
  UNIQUE KEY `auth_user_user_permissions_user_id_14a6b632_uniq` (`user_id`,`permission_id`),
  KEY `auth_user_user_perm_permission_id_1fbb5f2c_fk_auth_permission_id` (`permission_id`),
  CONSTRAINT `auth_user_user_perm_permission_id_1fbb5f2c_fk_auth_permission_id` FOREIGN KEY (`permission_id`) REFERENCES `auth_permission` (`id`),
  CONSTRAINT `auth_user_user_permissions_user_id_a95ead1b_fk_auth_user_id` FOREIGN KEY (`user_id`) REFERENCES `auth_user` (`id`)
) ENGINE=InnoDB DEFAULT CHARSET=latin1;
/*!40101 SET character_set_client = @saved_cs_client */;

--
-- Dumping data for table `auth_user_user_permissions`
--

LOCK TABLES `auth_user_user_permissions` WRITE;
/*!40000 ALTER TABLE `auth_user_user_permissions` DISABLE KEYS */;
/*!40000 ALTER TABLE `auth_user_user_permissions` ENABLE KEYS */;
UNLOCK TABLES;

--
-- Table structure for table `django_admin_log`
--

DROP TABLE IF EXISTS `django_admin_log`;
/*!40101 SET @saved_cs_client     = @@character_set_client */;
/*!40101 SET character_set_client = utf8 */;
CREATE TABLE `django_admin_log` (
  `id` int(11) NOT NULL AUTO_INCREMENT,
  `action_time` datetime(6) NOT NULL,
  `object_id` longtext,
  `object_repr` varchar(200) NOT NULL,
  `action_flag` smallint(5) unsigned NOT NULL,
  `change_message` longtext NOT NULL,
  `content_type_id` int(11) DEFAULT NULL,
  `user_id` int(11) NOT NULL,
  PRIMARY KEY (`id`),
  KEY `django_admin__content_type_id_c4bce8eb_fk_django_content_type_id` (`content_type_id`),
  KEY `django_admin_log_user_id_c564eba6_fk_auth_user_id` (`user_id`),
  CONSTRAINT `django_admin__content_type_id_c4bce8eb_fk_django_content_type_id` FOREIGN KEY (`content_type_id`) REFERENCES `django_content_type` (`id`),
  CONSTRAINT `django_admin_log_user_id_c564eba6_fk_auth_user_id` FOREIGN KEY (`user_id`) REFERENCES `auth_user` (`id`)
) ENGINE=InnoDB AUTO_INCREMENT=374 DEFAULT CHARSET=latin1;
/*!40101 SET character_set_client = @saved_cs_client */;

--
-- Dumping data for table `django_admin_log`
--

LOCK TABLES `django_admin_log` WRITE;
/*!40000 ALTER TABLE `django_admin_log` DISABLE KEYS */;
INSERT INTO `django_admin_log` VALUES (1,'2016-07-25 21:41:16.171501','juedes@ohio.edu','David Juedes',1,'Added.',9,1),(2,'2016-07-25 21:41:37.706059','1','Electrical Engineering and Computer Science',1,'Added.',10,1),(3,'2016-07-25 21:42:04.903588','Computer Science','Computer Science',1,'Added.',12,1),(4,'2016-07-25 21:42:47.907299','CS2400','CS2400',1,'Added.',14,1),(5,'2016-07-25 21:43:10.185312','1','contains object',1,'Added.',17,1),(6,'2016-07-25 21:48:23.558492','TIER1','TIER1',1,'Added.',14,1),(7,'2016-07-26 01:54:27.310789','CS','CS',2,'Changed TITLE.',12,1),(8,'2016-07-26 01:55:07.126881','TIER1','TIER1',3,'',14,1),(9,'2016-07-26 01:56:15.426671','CS2401','CS2401',1,'Added.',14,1),(10,'2016-07-26 02:02:24.449327','2','contains object',1,'Added.',17,1),(11,'2016-07-26 02:02:33.250262','3','contains object',1,'Added.',17,1),(12,'2016-07-26 02:26:42.183355','CS4620','CS4620',1,'Added.',14,1),(13,'2016-07-26 13:30:35.180109','CS3000','CS3000',1,'Added.',14,1),(14,'2016-07-26 13:33:42.493077','CS2650','CS2650',1,'Added.',14,1),(15,'2016-07-26 13:34:11.946367','CS3200','CS3200',1,'Added.',14,1),(16,'2016-07-26 13:34:39.652936','CS3560','CS3560',1,'Added.',14,1),(17,'2016-07-26 13:35:07.520542','CS3610','CS3610',1,'Added.',14,1),(18,'2016-07-26 13:35:44.296157','CS4000','CS4000',1,'Added.',14,1),(19,'2016-07-26 13:36:19.237681','CS4100','CS4100',1,'Added.',14,1),(20,'2016-07-26 13:37:01.694477','CS4420','CS4420',1,'Added.',14,1),(21,'2016-07-26 13:37:28.444437','CS4561','CS4561',1,'Added.',14,1),(22,'2016-07-26 13:38:14.837600','CS4040','CS4040',1,'Added.',14,1),(23,'2016-07-26 13:38:55.861059','CS4060-E','CS4060-E',1,'Added.',14,1),(24,'2016-07-26 13:39:45.112764','CS4250-E','CS4250-E',1,'Added.',14,1),(25,'2016-07-26 13:40:23.945183','CS4580-E','CS4580-E',1,'Added.',14,1),(26,'2016-07-26 14:56:04.307292','100124250','takes object',2,'Changed Course_Title.',15,1),(27,'2016-08-04 17:10:20.582961','4','contains object',1,'Added.',17,1),(28,'2016-08-04 17:10:33.797408','5','contains object',1,'Added.',17,1),(29,'2016-08-04 17:10:46.689223','6','contains object',1,'Added.',17,1),(30,'2016-08-04 17:10:56.367630','7','contains object',1,'Added.',17,1),(31,'2016-08-04 17:11:09.215307','8','contains object',1,'Added.',17,1),(32,'2016-08-04 17:11:19.870668','9','contains object',1,'Added.',17,1),(33,'2016-08-04 17:11:29.138618','10','contains object',1,'Added.',17,1),(34,'2016-08-04 17:11:39.160644','11','contains object',1,'Added.',17,1),(35,'2016-08-04 17:11:47.842572','12','contains object',1,'Added.',17,1),(36,'2016-08-04 17:11:55.699433','13','contains object',1,'Added.',17,1),(37,'2016-08-04 17:12:03.067500','14','contains object',1,'Added.',17,1),(38,'2016-08-04 17:12:19.288024','15','contains object',1,'Added.',17,1),(39,'2016-08-04 17:12:29.494801','16','contains object',1,'Added.',17,1),(40,'2016-08-04 17:12:40.065833','17','contains object',1,'Added.',17,1),(41,'2016-08-04 17:12:58.004123','18','contains object',1,'Added.',17,1),(42,'2016-08-04 17:13:05.079269','19','contains object',1,'Added.',17,1),(43,'2016-08-04 17:13:16.983961','20','contains object',1,'Added.',17,1),(44,'2016-08-04 17:13:28.868691','21','contains object',1,'Added.',17,1),(45,'2016-08-04 17:13:42.222071','22','contains object',1,'Added.',17,1),(46,'2016-08-04 17:15:41.644104','23','contains object',1,'Added.',17,1),(47,'2016-08-04 17:15:58.223485','24','contains object',1,'Added.',17,1),(48,'2016-08-04 17:16:43.549878','25','contains object',1,'Added.',17,1),(49,'2016-08-04 17:16:58.822242','26','contains object',1,'Added.',17,1),(50,'2016-08-04 17:17:12.087461','27','contains object',1,'Added.',17,1),(51,'2016-08-04 17:17:25.149794','28','contains object',1,'Added.',17,1),(52,'2016-08-04 17:17:38.836008','29','contains object',1,'Added.',17,1),(53,'2016-08-04 17:17:59.664997','30','contains object',1,'Added.',17,1),(54,'2016-08-04 17:18:11.176220','31','contains object',1,'Added.',17,1),(55,'2016-08-04 17:57:57.299888','100124252','takes object',2,'Changed Course_Title, CrossCulture, ScienceMath, FineArts, Humanities, NaturalScience and SocialScience.',15,1),(56,'2016-08-04 18:27:23.183096','29','contains object',2,'Changed Course_Title.',17,1),(57,'2016-08-04 18:27:29.480275','26','contains object',2,'Changed Course_Title.',17,1),(58,'2016-08-04 18:30:41.215150','CS4620-E','CS4620-E',2,'Changed TITLE.',14,1),(59,'2016-08-04 18:30:50.806607','CS4620','CS4620',3,'',14,1),(60,'2016-08-04 18:31:26.882569','CS4560','CS4560',1,'Added.',14,1),(61,'2016-08-04 18:32:20.464545','EE1024-CS','EE1024-CS',1,'Added.',14,1),(62,'2016-08-04 18:32:56.911579','EE3613-CS','EE3613-CS',1,'Added.',14,1),(63,'2016-08-04 18:33:37.267578','EE3954-CS','EE3954-CS',1,'Added.',14,1),(64,'2016-08-04 18:34:52.424513','EE3713-CS','EE3713-CS',1,'Added.',14,1),(65,'2016-08-04 18:37:16.803306','MATH2301-CS','MATH2301-CS',1,'Added.',14,1),(66,'2016-08-04 18:38:28.900683','MATH2302-CS','MATH2302-CS',1,'Added.',14,1),(67,'2016-08-04 18:39:00.692091','MATH3200-CS','MATH3200-CS',1,'Added.',14,1),(68,'2016-08-04 18:41:12.119115','Lab Science Sequence','Lab Science Sequence',1,'Added.',14,1),(69,'2016-08-04 18:41:26.069387','Lab Science Sequence','Lab Science Sequence',2,'Changed Tier.',14,1),(70,'2016-08-04 18:42:40.388318','Lab Science Sequence','Lab Science Sequence',2,'Changed discription.',14,1),(71,'2016-08-04 18:44:16.357192','Additional Science','Additional Science',1,'Added.',14,1),(72,'2016-08-04 18:45:15.052315','24','contains object',2,'Changed Course_Title.',17,1),(73,'2016-08-04 18:45:27.349394','22','contains object',2,'Changed Course_Title.',17,1),(74,'2016-08-04 18:45:33.445369','21','contains object',2,'Changed Course_Title.',17,1),(75,'2016-08-04 18:45:42.603723','20','contains object',2,'Changed Course_Title.',17,1),(76,'2016-08-04 18:45:48.431555','19','contains object',2,'Changed Course_Title.',17,1),(77,'2016-08-04 18:45:56.154485','17','contains object',2,'Changed Course_Title.',17,1),(78,'2016-08-04 18:46:03.737620','16','contains object',2,'Changed Course_Title.',17,1),(79,'2016-08-04 18:46:11.357955','15','contains object',2,'Changed Course_Title.',17,1),(80,'2016-08-11 01:40:10.029299','CS','CS',3,'',12,1),(81,'2016-08-11 01:41:32.280118','Electrical Engineering','Electrical Engineering',1,'Added.',12,1),(82,'2016-08-11 01:42:11.580063','Computer Engineering','Computer Engineering',1,'Added.',12,1),(83,'2016-08-11 01:43:03.211402','2','Civil Engineering',1,'Added.',10,1),(84,'2016-08-11 01:43:22.634702','3','Engineering Technology and Management',1,'Added.',10,1),(85,'2016-08-11 01:43:49.562727','4','Chemical and Biomolecular Engineering',1,'Added.',10,1),(86,'2016-08-11 01:44:03.478599','5','Aviation',1,'Added.',10,1),(87,'2016-08-11 01:44:30.088631','6','Mechanical Engineering',1,'Added.',10,1),(88,'2016-08-11 01:45:10.071595','Aviation Flight','Aviation Flight',1,'Added.',12,1),(89,'2016-08-11 01:45:37.242293','Aviation Management','Aviation Management',1,'Added.',12,1),(90,'2016-08-11 01:46:12.209265','Chemical Engineering','Chemical Engineering',1,'Added.',12,1),(91,'2016-08-11 01:47:09.029006','Chemical Engineering-Biological Track','Chemical Engineering-Biological Track',1,'Added.',12,1),(92,'2016-08-11 01:47:47.774506','Chemical Engineering-Energy and Environment Track','Chemical Engineering-Energy and Environment Track',1,'Added.',12,1),(93,'2016-08-11 01:48:24.198068','Chemical Engineering-Materials Track','Chemical Engineering-Materials Track',1,'Added.',12,1),(94,'2016-08-11 01:48:55.032731','Civil Engineering','Civil Engineering',1,'Added.',12,1),(95,'2016-08-11 01:49:41.345557','Engineering Technology and Management','Engineering Technology and Management',1,'Added.',12,1),(96,'2016-08-11 01:50:15.582804','Technical Operations Management','Technical Operations Management',1,'Added.',12,1),(97,'2016-08-11 01:50:57.619114','Energy Engineering','Energy Engineering',1,'Added.',12,1),(98,'2016-08-11 01:51:41.404549','Mechanical Engineering','Mechanical Engineering',1,'Added.',12,1),(99,'2016-08-11 01:52:08.126749','7','Industrial Systems Engineering',1,'Added.',10,1),(100,'2016-08-11 01:52:48.959490','Industrial and Systems Engineering','Industrial and Systems Engineering',1,'Added.',12,1),(101,'2016-08-11 01:55:19.705328','32','contains object',1,'Added.',17,1),(102,'2016-08-11 01:55:45.451611','33','contains object',1,'Added.',17,1),(103,'2016-08-11 01:56:02.761021','34','contains object',1,'Added.',17,1),(104,'2016-08-11 01:56:12.569657','35','contains object',1,'Added.',17,1),(105,'2016-08-11 01:56:21.746914','36','contains object',1,'Added.',17,1),(106,'2016-08-11 01:56:29.664236','37','contains object',1,'Added.',17,1),(107,'2016-08-11 01:56:38.942603','38','contains object',1,'Added.',17,1),(108,'2016-08-11 01:56:47.625108','39','contains object',1,'Added.',17,1),(109,'2016-08-11 01:57:00.301496','40','contains object',1,'Added.',17,1),(110,'2016-08-11 01:57:09.735564','41','contains object',1,'Added.',17,1),(111,'2016-08-11 01:57:25.548971','42','contains object',1,'Added.',17,1),(112,'2016-08-11 01:57:35.985023','43','contains object',1,'Added.',17,1),(113,'2016-08-11 01:57:45.213462','44','contains object',1,'Added.',17,1),(114,'2016-08-11 01:58:07.375427','45','contains object',1,'Added.',17,1),(115,'2016-08-11 01:58:18.350987','46','contains object',1,'Added.',17,1),(116,'2016-08-11 01:58:46.909032','47','contains object',1,'Added.',17,1),(117,'2016-08-11 01:58:56.306235','48','contains object',1,'Added.',17,1),(118,'2016-08-11 01:59:05.319723','49','contains object',1,'Added.',17,1),(119,'2016-08-11 01:59:13.549416','50','contains object',1,'Added.',17,1),(120,'2016-08-11 01:59:20.782327','51','contains object',1,'Added.',17,1),(121,'2016-08-11 01:59:29.882682','52','contains object',1,'Added.',17,1),(122,'2016-08-11 01:59:43.429438','53','contains object',1,'Added.',17,1),(123,'2016-08-11 01:59:59.716064','54','contains object',1,'Added.',17,1),(124,'2016-08-11 02:01:06.830795','55','contains object',1,'Added.',17,1),(125,'2016-08-11 02:01:25.733637','56','contains object',1,'Added.',17,1),(126,'2016-08-11 02:01:37.210129','57','contains object',1,'Added.',17,1),(127,'2016-08-11 02:01:55.251808','58','contains object',1,'Added.',17,1),(128,'2016-08-11 02:02:06.393920','53','contains object',2,'Changed Degree_Title.',17,1),(129,'2016-08-11 02:02:20.754255','3','contains object',3,'',17,1),(130,'2016-08-11 02:02:20.763619','2','contains object',3,'',17,1),(131,'2016-08-11 02:04:24.600738','ECON1010-AVN','ECON1010-AVN',1,'Added.',14,1),(132,'2016-08-11 02:05:56.895079','ENG1510-AVN','ENG1510-AVN',1,'Added.',14,1),(133,'2016-08-11 02:06:55.884786','GEOG1310-AVN','GEOG1310-AVN',1,'Added.',14,1),(134,'2016-08-11 02:08:03.410342','AVN1000','AVN1000',1,'Added.',14,1),(135,'2016-08-11 02:08:30.987685','ENG1510-AVN','ENG1510-AVN',2,'Changed Type.',14,1),(136,'2016-08-11 02:08:41.938427','GEOG1310-AVN','GEOG1310-AVN',2,'Changed Type.',14,1),(137,'2016-08-11 02:08:56.318714','ECON1010-AVN','ECON1010-AVN',2,'Changed Type.',14,1),(138,'2016-08-11 02:09:52.396779','AVN1100-AVN','AVN1100-AVN',1,'Added.',14,1),(139,'2016-08-11 02:10:42.088358','AVN3000','AVN3000',1,'Added.',14,1),(140,'2016-08-11 02:11:33.183333','AVN3150','AVN3150',1,'Added.',14,1),(141,'2016-08-11 02:12:23.611702','AVN3060','AVN3060',1,'Added.',14,1),(142,'2016-08-11 02:12:55.143664','AVN3600','AVN3600',2,'Changed TITLE.',14,1),(143,'2016-08-11 02:13:44.762037','AVN3800','AVN3800',1,'Added.',14,1),(144,'2016-08-11 02:14:21.925804','AVN3900','AVN3900',1,'Added.',14,1),(145,'2016-08-11 02:15:28.841972','AVN4750','AVN4750',1,'Added.',14,1),(146,'2016-08-11 02:16:44.502022','AVN4800','AVN4800',1,'Added.',14,1),(147,'2016-08-11 02:17:46.083192','AVN4890','AVN4890',1,'Added.',14,1),(148,'2016-08-11 02:18:41.248051','AVN2400','AVN2400',1,'Added.',14,1),(149,'2016-08-11 02:19:22.703610','AVN3050','AVN3050',1,'Added.',14,1),(150,'2016-08-11 02:20:05.023086','AVN3100','AVN3100',1,'Added.',14,1),(151,'2016-08-11 02:20:46.133535','AVN3400','AVN3400',1,'Added.',14,1),(152,'2016-08-11 02:21:45.391156','AVN3500','AVN3500',1,'Added.',14,1),(153,'2016-08-11 02:22:28.322308','AVN3700','AVN3700',1,'Added.',14,1),(154,'2016-08-11 02:23:14.278833','AVN4000','AVN4000',1,'Added.',14,1),(155,'2016-08-11 02:24:05.881911','AVN4050','AVN4050',1,'Added.',14,1),(156,'2016-08-11 02:24:44.612980','AVN4200','AVN4200',1,'Added.',14,1),(157,'2016-08-11 02:25:41.188409','AVN4300','AVN4300',1,'Added.',14,1),(158,'2016-08-11 02:27:06.907108','AVN4400','AVN4400',1,'Added.',14,1),(159,'2016-08-11 02:28:00.769644','AVN4450','AVN4450',1,'Added.',14,1),(160,'2016-08-11 02:28:48.710348','AVN4550','AVN4550',1,'Added.',14,1),(161,'2016-08-11 02:29:44.078440','AVN4850','AVN4850',1,'Added.',14,1),(162,'2016-08-11 02:33:22.275109','59','contains object',1,'Added.',17,1),(163,'2016-08-11 02:33:47.501008','60','contains object',1,'Added.',17,1),(164,'2016-08-11 02:34:31.153820','61','contains object',1,'Added.',17,1),(165,'2016-08-11 02:34:47.022115','62','contains object',1,'Added.',17,1),(166,'2016-08-11 02:35:07.342078','63','contains object',1,'Added.',17,1),(167,'2016-08-11 02:36:45.822997','64','contains object',1,'Added.',17,1),(168,'2016-08-11 02:36:57.396014','65','contains object',1,'Added.',17,1),(169,'2016-08-11 02:37:10.303102','66','contains object',1,'Added.',17,1),(170,'2016-08-11 02:37:17.449186','67','contains object',1,'Added.',17,1),(171,'2016-08-11 02:37:27.060676','68','contains object',1,'Added.',17,1),(172,'2016-08-11 02:37:36.519549','69','contains object',1,'Added.',17,1),(173,'2016-08-11 02:38:35.667297','70','contains object',1,'Added.',17,1),(174,'2016-08-11 02:41:43.027781','71','contains object',1,'Added.',17,1),(175,'2016-08-11 02:41:53.117237','72','contains object',1,'Added.',17,1),(176,'2016-08-11 02:42:04.602469','73','contains object',1,'Added.',17,1),(177,'2016-08-11 02:42:58.896524','74','contains object',1,'Added.',17,1),(178,'2016-08-11 02:43:10.845725','75','contains object',1,'Added.',17,1),(179,'2016-08-11 02:43:24.092193','76','contains object',1,'Added.',17,1),(180,'2016-08-11 02:43:35.785993','77','contains object',1,'Added.',17,1),(181,'2016-08-11 02:43:46.295682','78','contains object',1,'Added.',17,1),(182,'2016-08-11 02:43:59.927493','79','contains object',1,'Added.',17,1),(183,'2016-08-11 02:44:09.164735','80','contains object',1,'Added.',17,1),(184,'2016-08-11 02:44:30.849685','81','contains object',1,'Added.',17,1),(185,'2016-08-11 02:44:40.569839','82','contains object',1,'Added.',17,1),(186,'2016-08-11 02:44:49.374342','83','contains object',1,'Added.',17,1),(187,'2016-08-11 02:44:56.836133','84','contains object',1,'Added.',17,1),(188,'2016-08-11 02:45:23.460516','85','contains object',1,'Added.',17,1),(189,'2016-08-11 02:45:37.200074','86','contains object',1,'Added.',17,1),(190,'2016-08-11 02:45:45.655980','87','contains object',1,'Added.',17,1),(191,'2016-08-11 02:45:56.649822','88','contains object',1,'Added.',17,1),(192,'2016-08-11 02:46:39.814863','89','contains object',1,'Added.',17,1),(193,'2016-08-11 02:46:56.548363','90','contains object',1,'Added.',17,1),(194,'2016-08-11 02:47:15.249065','91','contains object',1,'Added.',17,1),(195,'2016-08-11 02:47:23.791274','92','contains object',1,'Added.',17,1),(196,'2016-08-11 02:47:46.152255','93','contains object',1,'Added.',17,1),(197,'2016-08-11 02:47:59.042113','94','contains object',1,'Added.',17,1),(198,'2016-08-11 02:48:08.088482','74','contains object',2,'Changed Degree_Title.',17,1),(199,'2016-08-11 03:09:28.527370','Technical Operations Management','Technical Operations Management',3,'',12,1),(200,'2016-08-11 03:09:28.530797','Energy Engineering','Energy Engineering',3,'',12,1),(201,'2016-08-11 03:09:28.532107','Chemical Engineering-Materials Track','Chemical Engineering-Materials Track',3,'',12,1),(202,'2016-08-11 03:09:28.534038','Chemical Engineering-Energy and Environment Track','Chemical Engineering-Energy and Environment Track',3,'',12,1),(203,'2016-08-11 03:09:28.535222','Chemical Engineering-Biological Track','Chemical Engineering-Biological Track',3,'',12,1),(204,'2016-08-11 03:09:28.536609','Aviation Management','Aviation Management',3,'',12,1),(205,'2016-08-11 03:30:09.062527','MATH2301-CE','MATH2301-CE',1,'Added.',14,1),(206,'2016-08-11 03:31:04.921050','MATH2302-CE','MATH2302-CE',1,'Added.',14,1),(207,'2016-08-11 03:31:53.788249','MATH3200-CE','MATH3200-CE',1,'Added.',14,1),(208,'2016-08-11 03:32:40.262095','MATH3400-CE','MATH3400-CE',1,'Added.',14,1),(209,'2016-08-11 03:33:30.184178','CHEM1510-CE','CHEM1510-CE',1,'Added.',14,1),(210,'2016-08-11 03:34:34.963142','PHYS2051-CE','PHYS2051-CE',1,'Added.',14,1),(211,'2016-08-11 03:35:22.583795','PHYS2052-CE','PHYS2052-CE',1,'Added.',14,1),(212,'2016-08-11 03:36:18.306592','CE2000','CE2000',1,'Added.',14,1),(213,'2016-08-11 03:36:55.363375','CE2010','CE2010',1,'Added.',14,1),(214,'2016-08-11 03:37:44.643253','CE2100','CE2100',1,'Added.',14,1),(215,'2016-08-11 03:38:57.473305','CE2160','CE2160',1,'Added.',14,1),(216,'2016-08-11 03:39:35.379118','CE3110','CE3110',1,'Added.',14,1),(217,'2016-08-11 03:40:28.932530','CE3300','CE3300',1,'Added.',14,1),(218,'2016-08-11 03:41:04.109584','CE3400','CE3400',1,'Added.',14,1),(219,'2016-08-11 03:42:02.126473','CE3410','CE3410',1,'Added.',14,1),(220,'2016-08-11 03:43:16.497538','CE3420','CE3420',1,'Added.',14,1),(221,'2016-08-11 03:44:08.399511','CE3610','CE3610',1,'Added.',14,1),(222,'2016-08-11 03:44:55.180543','CE3700','CE3700',1,'Added.',14,1),(223,'2016-08-11 03:45:42.147379','CE3710','CE3710',1,'Added.',14,1),(224,'2016-08-11 03:46:26.204534','CE3800','CE3800',1,'Added.',14,1),(225,'2016-08-11 03:47:25.490173','CE4000','CE4000',1,'Added.',14,1),(226,'2016-08-11 03:48:41.920234','CE4280','CE4280',1,'Added.',14,1),(227,'2016-08-11 03:49:21.940570','CE4320','CE4320',1,'Added.',14,1),(228,'2016-08-11 03:50:10.875801','CE4330','CE4330',1,'Added.',14,1),(229,'2016-08-11 03:51:10.251293','CE4500','CE4500',1,'Added.',14,1),(230,'2016-08-11 03:52:30.871109','CE Senior Design','CE Senior Design',1,'Added.',14,1),(231,'2016-08-11 03:55:21.300671','CE Elective 1','CE Elective 1',1,'Added.',14,1),(232,'2016-08-11 03:55:42.329261','CE Elective 1','CE Elective 1',2,'No fields changed.',14,1),(233,'2016-08-11 03:56:07.758068','CE Elective 2','CE Elective 2',1,'Added.',14,1),(234,'2016-08-11 03:56:31.198191','CE Elective 3','CE Elective 3',1,'Added.',14,1),(235,'2016-08-11 03:57:29.974478','ET2200-CE','ET2200-CE',1,'Added.',14,1),(236,'2016-08-11 03:58:11.642334','ET2220-CE','ET2220-CE',1,'Added.',14,1),(237,'2016-08-11 03:59:08.734229','ET2240-CE','ET2240-CE',1,'Added.',14,1),(238,'2016-08-11 04:00:19.618701','CE2220','CE2220',1,'Added.',14,1),(239,'2016-08-11 04:01:15.343287','GEOL2830-CE','GEOL2830-CE',1,'Added.',14,1),(240,'2016-08-11 04:02:34.251536','CE Tech Elective','CE Tech Elective',1,'Added.',14,1),(241,'2016-08-11 04:09:51.526138','95','contains object',1,'Added.',17,1),(242,'2016-08-11 04:10:09.912722','96','contains object',1,'Added.',17,1),(243,'2016-08-11 04:10:32.167114','97','contains object',1,'Added.',17,1),(244,'2016-08-11 04:10:43.403295','98','contains object',1,'Added.',17,1),(245,'2016-08-11 04:10:59.299354','99','contains object',1,'Added.',17,1),(246,'2016-08-11 04:11:18.241129','100','contains object',1,'Added.',17,1),(247,'2016-08-11 04:11:31.312690','101','contains object',1,'Added.',17,1),(248,'2016-08-11 04:11:52.735828','102','contains object',1,'Added.',17,1),(249,'2016-08-11 04:12:29.775015','103','contains object',1,'Added.',17,1),(250,'2016-08-11 04:12:44.328601','104','contains object',1,'Added.',17,1),(251,'2016-08-11 04:13:13.915216','105','contains object',1,'Added.',17,1),(252,'2016-08-11 04:13:53.127814','106','contains object',1,'Added.',17,1),(253,'2016-08-11 04:14:05.507876','107','contains object',1,'Added.',17,1),(254,'2016-08-11 04:14:28.814518','108','contains object',1,'Added.',17,1),(255,'2016-08-11 04:14:40.745372','109','contains object',1,'Added.',17,1),(256,'2016-08-11 04:15:13.371439','110','contains object',1,'Added.',17,1),(257,'2016-08-11 04:15:22.157574','111','contains object',1,'Added.',17,1),(258,'2016-08-11 04:15:36.355059','112','contains object',1,'Added.',17,1),(259,'2016-08-11 04:15:53.692401','113','contains object',1,'Added.',17,1),(260,'2016-08-11 04:16:14.799007','114','contains object',1,'Added.',17,1),(261,'2016-08-11 04:17:28.673280','115','contains object',1,'Added.',17,1),(262,'2016-08-11 04:17:57.058416','116','contains object',1,'Added.',17,1),(263,'2016-08-11 04:18:12.326435','117','contains object',1,'Added.',17,1),(264,'2016-08-11 04:18:35.550534','118','contains object',1,'Added.',17,1),(265,'2016-08-11 04:19:04.252205','119','contains object',1,'Added.',17,1),(266,'2016-08-11 04:19:18.196399','120','contains object',1,'Added.',17,1),(267,'2016-08-11 04:19:31.609335','121','contains object',1,'Added.',17,1),(268,'2016-08-11 04:19:44.160201','122','contains object',1,'Added.',17,1),(269,'2016-08-11 04:20:01.318370','123','contains object',1,'Added.',17,1),(270,'2016-08-11 04:20:37.080217','124','contains object',1,'Added.',17,1),(271,'2016-08-11 04:20:49.300365','125','contains object',1,'Added.',17,1),(272,'2016-08-11 04:22:43.995503','EE Tech Elective 1','EE Tech Elective 1',1,'Added.',14,1),(273,'2016-08-11 04:23:10.201583','EE Tech Elective 2','EE Tech Elective 2',1,'Added.',14,1),(274,'2016-08-11 04:24:17.287013','EE Senior Elective 1','EE Senior Elective 1',1,'Added.',14,1),(275,'2016-08-11 04:24:52.050358','EE Senior Elective 2','EE Senior Elective 2',1,'Added.',14,1),(276,'2016-08-11 04:25:15.256654','125','contains object',2,'Changed Course_Title.',17,1),(277,'2016-08-11 04:25:22.444703','124','contains object',2,'Changed Course_Title.',17,1),(278,'2016-08-11 04:25:44.743018','126','contains object',1,'Added.',17,1),(279,'2016-08-11 04:25:59.182750','127','contains object',1,'Added.',17,1),(280,'2016-08-11 04:27:15.288966','EE Engineering Elective 1','EE Engineering Elective 1',1,'Added.',14,1),(281,'2016-08-11 04:27:50.901259','EE Engineering Elective 2','EE Engineering Elective 2',1,'Added.',14,1),(282,'2016-08-11 04:29:04.742875','EE Programming Elective','EE Programming Elective',1,'Added.',14,1),(283,'2016-08-11 04:30:26.946998','EE Science Elective','EE Science Elective',1,'Added.',14,1),(284,'2016-08-11 04:32:05.146855','EE2324','EE2324',1,'Added.',14,1),(285,'2016-08-11 04:33:28.065736','EE3713','EE3713',1,'Added.',14,1),(286,'2016-08-11 04:34:09.508145','CHEM1510-EE','CHEM1510-EE',1,'Added.',14,1),(287,'2016-08-11 04:34:48.738768','CHEM1510-EE','CHEM1510-EE',2,'Changed Tier and discription.',14,1),(288,'2016-08-11 04:35:44.819317','MATH2301-EE','MATH2301-EE',1,'Added.',14,1),(289,'2016-08-11 04:36:26.952164','MATH2302-EE','MATH2302-EE',1,'Added.',14,1),(290,'2016-08-11 04:37:30.085549','MATH3300-EE','MATH3300-EE',1,'Added.',14,1),(291,'2016-08-11 04:38:14.603040','PHYS2051-EE','PHYS2051-EE',1,'Added.',14,1),(292,'2016-08-11 04:39:17.819485','EE1014','EE1014',1,'Added.',14,1),(293,'2016-08-11 04:40:05.214657','EE1024-EE','EE1024-EE',1,'Added.',14,1),(294,'2016-08-11 04:41:12.754655','EE2104','EE2104',1,'Added.',14,1),(295,'2016-08-11 04:42:23.457208','EE2114','EE2114',1,'Added.',14,1),(296,'2016-08-11 04:43:28.649298','EE2213','EE2213',1,'Added.',14,1),(297,'2016-08-11 04:44:11.928595','EE3214','EE3214',1,'Added.',14,1),(298,'2016-08-11 04:44:45.837748','EE3223','EE3223',1,'Added.',14,1),(299,'2016-08-11 04:45:37.975770','EE3334','EE3334',1,'Added.',14,1),(300,'2016-08-11 04:46:19.017965','EE3343','EE3343',1,'Added.',14,1),(301,'2016-08-11 04:46:54.994652','EE3513','EE3513',1,'Added.',14,1),(302,'2016-08-11 04:47:33.192469','EE3954-EE','EE3954-EE',1,'Added.',14,1),(303,'2016-08-11 04:48:29.203974','EE3963','EE3963',1,'Added.',14,1),(304,'2016-08-11 04:49:59.962288','EE3973','EE3973',1,'Added.',14,1),(305,'2016-08-11 04:51:11.770000','EE4953','EE4953',1,'Added.',14,1),(306,'2016-08-11 04:52:28.215665','EE4963','EE4963',1,'Added.',14,1),(307,'2016-08-11 05:14:36.191430','128','contains object',1,'Added.',17,1),(308,'2016-08-11 05:14:48.716621','129','contains object',1,'Added.',17,1),(309,'2016-08-11 05:15:06.092094','130','contains object',1,'Added.',17,1),(310,'2016-08-11 05:15:30.065267','131','contains object',1,'Added.',17,1),(311,'2016-08-11 05:15:39.414861','132','contains object',1,'Added.',17,1),(312,'2016-08-11 05:15:58.013630','133','contains object',1,'Added.',17,1),(313,'2016-08-11 05:16:15.525348','134','contains object',1,'Added.',17,1),(314,'2016-08-11 05:16:34.175480','135','contains object',1,'Added.',17,1),(315,'2016-08-11 05:16:48.582401','136','contains object',1,'Added.',17,1),(316,'2016-08-11 05:16:59.212322','137','contains object',1,'Added.',17,1),(317,'2016-08-11 05:17:09.796185','138','contains object',1,'Added.',17,1),(318,'2016-08-11 05:17:19.804590','139','contains object',1,'Added.',17,1),(319,'2016-08-11 05:17:40.485456','140','contains object',1,'Added.',17,1),(320,'2016-08-11 05:18:03.786744','141','contains object',1,'Added.',17,1),(321,'2016-08-11 05:18:21.979541','142','contains object',1,'Added.',17,1),(322,'2016-08-11 05:18:34.161154','143','contains object',1,'Added.',17,1),(323,'2016-08-11 05:18:44.091859','144','contains object',1,'Added.',17,1),(324,'2016-08-11 05:19:33.465208','145','contains object',1,'Added.',17,1),(325,'2016-08-11 05:19:53.750827','146','contains object',1,'Added.',17,1),(326,'2016-08-11 05:20:17.761525','147','contains object',1,'Added.',17,1),(327,'2016-08-11 05:20:43.372723','148','contains object',1,'Added.',17,1),(328,'2016-08-11 05:20:55.589007','149','contains object',1,'Added.',17,1),(329,'2016-08-11 05:21:14.537071','150','contains object',1,'Added.',17,1),(330,'2016-08-11 05:21:25.371008','151','contains object',1,'Added.',17,1),(331,'2016-08-11 05:21:52.131622','152','contains object',1,'Added.',17,1),(332,'2016-08-11 05:22:05.488666','153','contains object',1,'Added.',17,1),(333,'2016-08-11 05:22:20.982089','154','contains object',1,'Added.',17,1),(334,'2016-08-11 05:22:32.539366','155','contains object',1,'Added.',17,1),(335,'2016-08-11 05:23:01.642073','156','contains object',1,'Added.',17,1),(336,'2016-08-11 05:23:09.110601','157','contains object',1,'Added.',17,1),(337,'2016-08-11 05:23:33.849436','158','contains object',1,'Added.',17,1),(338,'2016-08-11 05:23:46.280105','159','contains object',1,'Added.',17,1),(339,'2016-08-11 05:23:56.093754','158','contains object',2,'Changed Course_Title.',17,1),(340,'2016-08-11 05:25:14.136168','CS3000-CPE','CS3000-CPE',1,'Added.',14,1),(341,'2016-08-11 05:26:01.406766','CHEM1510-CPE','CHEM1510-CPE',1,'Added.',14,1),(342,'2016-08-11 05:26:50.407320','EE2324-CPE','EE2324-CPE',1,'Added.',14,1),(343,'2016-08-11 05:27:19.614344','EE3713-CPE','EE3713-CPE',1,'Added.',14,1),(344,'2016-08-11 05:27:51.261734','MATH2301-CPE','MATH2301-CPE',1,'Added.',14,1),(345,'2016-08-11 05:28:27.552427','MATH2302-CPE','MATH2302-CPE',1,'Added.',14,1),(346,'2016-08-11 05:28:57.040705','PHYS2051-CPE','PHYS2051-CPE',1,'Added.',14,1),(347,'2016-08-11 05:29:46.397445','CPE Science Elective','CPE Science Elective',1,'Added.',14,1),(348,'2016-08-11 05:30:36.399806','CS2400-CPE','CS2400-CPE',1,'Added.',14,1),(349,'2016-08-11 05:31:23.183929','CS2401-CPE','CS2401-CPE',1,'Added.',14,1),(350,'2016-08-11 05:31:56.590905','CS3560-CPE','CS3560-CPE',1,'Added.',14,1),(351,'2016-08-11 05:32:34.656744','CS3610-CPE','CS3610-CPE',1,'Added.',14,1),(352,'2016-08-11 05:33:40.001634','CPE EE/CS Elective 1','CPE EE/CS Elective 1',1,'Added.',14,1),(353,'2016-08-11 05:34:36.044256','CPE EE/CS Elective 2','CPE EE/CS Elective 2',1,'Added.',14,1),(354,'2016-08-11 05:35:35.130958','CPE Tech Elective 1','CPE Tech Elective 1',1,'Added.',14,1),(355,'2016-08-11 05:36:25.395911','CPE Tech Elective 2','CPE Tech Elective 2',1,'Added.',14,1),(356,'2016-08-11 05:37:23.499437','CS4420-CPE','CS4420-CPE',1,'Added.',14,1),(357,'2016-08-11 05:38:11.387878','EE1014-CPE','EE1014-CPE',1,'Added.',14,1),(358,'2016-08-11 05:39:23.448714','EE1024-CPE','EE1024-CPE',1,'Added.',14,1),(359,'2016-08-11 05:40:09.499754','EE2104-CPE','EE2104-CPE',1,'Added.',14,1),(360,'2016-08-11 05:41:05.284337','EE2114-CPE','EE2114-CPE',1,'Added.',14,1),(361,'2016-08-11 05:41:51.593553','EE3313-CPE','EE3313-CPE',1,'Added.',14,1),(362,'2016-08-11 05:42:34.067032','EE3214-CPE','EE3214-CPE',1,'Added.',14,1),(363,'2016-08-11 05:43:27.307075','EE3343-CPE','EE3343-CPE',1,'Added.',14,1),(364,'2016-08-11 05:44:22.742383','EE3513-CPE','EE3513-CPE',1,'Added.',14,1),(365,'2016-08-11 05:46:32.791872','EE3613','EE3613',1,'Added.',14,1),(366,'2016-08-11 05:47:42.305720','EE3753-CPE','EE3753-CPE',1,'Added.',14,1),(367,'2016-08-11 05:48:24.333400','EE3954','EE3954',1,'Added.',14,1),(368,'2016-08-11 05:49:08.271628','EE4673','EE4673',1,'Added.',14,1),(369,'2016-08-11 05:49:51.780126','EE4683','EE4683',1,'Added.',14,1),(370,'2016-08-11 05:51:16.118601','EE4953-CPE','EE4953-CPE',1,'Added.',14,1),(371,'2016-08-11 05:52:01.494600','EE4963-CPE','EE4963-CPE',1,'Added.',14,1),(372,'2016-08-11 05:53:25.245615','EE4673-CPE','EE4673-CPE',2,'Changed TITLE.',14,1),(373,'2016-08-11 05:53:41.721871','EE4683-CPE','EE4683-CPE',2,'Changed TITLE.',14,1);
/*!40000 ALTER TABLE `django_admin_log` ENABLE KEYS */;
UNLOCK TABLES;

--
-- Table structure for table `django_content_type`
--

DROP TABLE IF EXISTS `django_content_type`;
/*!40101 SET @saved_cs_client     = @@character_set_client */;
/*!40101 SET character_set_client = utf8 */;
CREATE TABLE `django_content_type` (
  `id` int(11) NOT NULL AUTO_INCREMENT,
  `app_label` varchar(100) NOT NULL,
  `model` varchar(100) NOT NULL,
  PRIMARY KEY (`id`),
  UNIQUE KEY `django_content_type_app_label_76bd3d3b_uniq` (`app_label`,`model`)
) ENGINE=InnoDB AUTO_INCREMENT=18 DEFAULT CHARSET=latin1;
/*!40101 SET character_set_client = @saved_cs_client */;

--
-- Dumping data for table `django_content_type`
--

LOCK TABLES `django_content_type` WRITE;
/*!40000 ALTER TABLE `django_content_type` DISABLE KEYS */;
INSERT INTO `django_content_type` VALUES (1,'admin','logentry'),(9,'advisingApp','advisor'),(16,'advisingApp','chooses'),(17,'advisingApp','contains'),(14,'advisingApp','courses'),(12,'advisingApp','degrees'),(10,'advisingApp','departments'),(13,'advisingApp','prerequisites'),(11,'advisingApp','students'),(15,'advisingApp','takes'),(3,'auth','group'),(2,'auth','permission'),(4,'auth','user'),(5,'contenttypes','contenttype'),(8,'registration','registrationprofile'),(6,'sessions','session'),(7,'sites','site');
/*!40000 ALTER TABLE `django_content_type` ENABLE KEYS */;
UNLOCK TABLES;

--
-- Table structure for table `django_migrations`
--

DROP TABLE IF EXISTS `django_migrations`;
/*!40101 SET @saved_cs_client     = @@character_set_client */;
/*!40101 SET character_set_client = utf8 */;
CREATE TABLE `django_migrations` (
  `id` int(11) NOT NULL AUTO_INCREMENT,
  `app` varchar(255) NOT NULL,
  `name` varchar(255) NOT NULL,
  `applied` datetime(6) NOT NULL,
  PRIMARY KEY (`id`)
) ENGINE=InnoDB AUTO_INCREMENT=25 DEFAULT CHARSET=latin1;
/*!40101 SET character_set_client = @saved_cs_client */;

--
-- Dumping data for table `django_migrations`
--

LOCK TABLES `django_migrations` WRITE;
/*!40000 ALTER TABLE `django_migrations` DISABLE KEYS */;
INSERT INTO `django_migrations` VALUES (1,'contenttypes','0001_initial','2016-07-25 21:38:40.310586'),(2,'auth','0001_initial','2016-07-25 21:38:40.422429'),(3,'admin','0001_initial','2016-07-25 21:38:40.457820'),(4,'admin','0002_logentry_remove_auto_add','2016-07-25 21:38:40.473617'),(5,'advisingApp','0001_initial','2016-07-25 21:38:40.603153'),(6,'contenttypes','0002_remove_content_type_name','2016-07-25 21:38:40.652167'),(7,'auth','0002_alter_permission_name_max_length','2016-07-25 21:38:40.666768'),(8,'auth','0003_alter_user_email_max_length','2016-07-25 21:38:40.683328'),(9,'auth','0004_alter_user_username_opts','2016-07-25 21:38:40.697098'),(10,'auth','0005_alter_user_last_login_null','2016-07-25 21:38:40.719427'),(11,'auth','0006_require_contenttypes_0002','2016-07-25 21:38:40.721241'),(12,'auth','0007_alter_validators_add_error_messages','2016-07-25 21:38:40.735043'),(13,'registration','0001_initial','2016-07-25 21:38:40.759526'),(14,'registration','0002_registrationprofile_activated','2016-07-25 21:38:40.783009'),(15,'registration','0003_migrate_activatedstatus','2016-07-25 21:38:40.787931'),(16,'sessions','0001_initial','2016-07-25 21:38:40.799677'),(17,'sites','0001_initial','2016-07-25 21:38:40.809510'),(18,'sites','0002_alter_domain_unique','2016-07-25 21:38:40.817835'),(19,'advisingApp','0002_auto_20160725_2341','2016-07-25 23:41:24.806581'),(20,'advisingApp','0003_auto_20160725_2357','2016-07-25 23:57:52.106559'),(21,'advisingApp','0004_takes_freeelectives','2016-07-26 02:40:39.986530'),(22,'advisingApp','0005_auto_20160726_1508','2016-07-26 15:08:43.332796'),(23,'advisingApp','0006_auto_20160804_1836','2016-08-04 18:36:26.312724'),(24,'advisingApp','0007_auto_20160804_2104','2016-08-04 21:04:27.328652');
/*!40000 ALTER TABLE `django_migrations` ENABLE KEYS */;
UNLOCK TABLES;

--
-- Table structure for table `django_session`
--

DROP TABLE IF EXISTS `django_session`;
/*!40101 SET @saved_cs_client     = @@character_set_client */;
/*!40101 SET character_set_client = utf8 */;
CREATE TABLE `django_session` (
  `session_key` varchar(40) NOT NULL,
  `session_data` longtext NOT NULL,
  `expire_date` datetime(6) NOT NULL,
  PRIMARY KEY (`session_key`),
  KEY `django_session_de54fa62` (`expire_date`)
) ENGINE=InnoDB DEFAULT CHARSET=latin1;
/*!40101 SET character_set_client = @saved_cs_client */;

--
-- Dumping data for table `django_session`
--

LOCK TABLES `django_session` WRITE;
/*!40000 ALTER TABLE `django_session` DISABLE KEYS */;
INSERT INTO `django_session` VALUES ('tvtpswrkptjls7xfmxdepa81xr44la2m','OTI0YTBjYjZhNjgxYTY3NWYzN2RlYjZkNmQwNWQ5MWYxM2FiM2E2Yjp7Il9hdXRoX3VzZXJfaGFzaCI6ImIwNTVhMzkzNzRmODRlYTE4M2IxMmIzZTNkNDJjZWJhODU5NTA1Y2EiLCJfYXV0aF91c2VyX2JhY2tlbmQiOiJkamFuZ28uY29udHJpYi5hdXRoLmJhY2tlbmRzLk1vZGVsQmFja2VuZCIsIl9hdXRoX3VzZXJfaWQiOiIxIn0=','2016-08-19 16:41:14.510580');
/*!40000 ALTER TABLE `django_session` ENABLE KEYS */;
UNLOCK TABLES;

--
-- Table structure for table `django_site`
--

DROP TABLE IF EXISTS `django_site`;
/*!40101 SET @saved_cs_client     = @@character_set_client */;
/*!40101 SET character_set_client = utf8 */;
CREATE TABLE `django_site` (
  `id` int(11) NOT NULL AUTO_INCREMENT,
  `domain` varchar(100) NOT NULL,
  `name` varchar(50) NOT NULL,
  PRIMARY KEY (`id`),
  UNIQUE KEY `django_site_domain_a2e37b91_uniq` (`domain`)
) ENGINE=InnoDB AUTO_INCREMENT=2 DEFAULT CHARSET=latin1;
/*!40101 SET character_set_client = @saved_cs_client */;

--
-- Dumping data for table `django_site`
--

LOCK TABLES `django_site` WRITE;
/*!40000 ALTER TABLE `django_site` DISABLE KEYS */;
INSERT INTO `django_site` VALUES (1,'example.com','example.com');
/*!40000 ALTER TABLE `django_site` ENABLE KEYS */;
UNLOCK TABLES;

--
-- Table structure for table `registration_registrationprofile`
--

DROP TABLE IF EXISTS `registration_registrationprofile`;
/*!40101 SET @saved_cs_client     = @@character_set_client */;
/*!40101 SET character_set_client = utf8 */;
CREATE TABLE `registration_registrationprofile` (
  `id` int(11) NOT NULL AUTO_INCREMENT,
  `activation_key` varchar(40) NOT NULL,
  `user_id` int(11) NOT NULL,
  `activated` tinyint(1) NOT NULL,
  PRIMARY KEY (`id`),
  UNIQUE KEY `user_id` (`user_id`),
  CONSTRAINT `registration_registrationprofil_user_id_5fcbf725_fk_auth_user_id` FOREIGN KEY (`user_id`) REFERENCES `auth_user` (`id`)
) ENGINE=InnoDB DEFAULT CHARSET=latin1;
/*!40101 SET character_set_client = @saved_cs_client */;

--
-- Dumping data for table `registration_registrationprofile`
--

LOCK TABLES `registration_registrationprofile` WRITE;
/*!40000 ALTER TABLE `registration_registrationprofile` DISABLE KEYS */;
/*!40000 ALTER TABLE `registration_registrationprofile` ENABLE KEYS */;
UNLOCK TABLES;
/*!40103 SET TIME_ZONE=@OLD_TIME_ZONE */;

/*!40101 SET SQL_MODE=@OLD_SQL_MODE */;
/*!40014 SET FOREIGN_KEY_CHECKS=@OLD_FOREIGN_KEY_CHECKS */;
/*!40014 SET UNIQUE_CHECKS=@OLD_UNIQUE_CHECKS */;
/*!40101 SET CHARACTER_SET_CLIENT=@OLD_CHARACTER_SET_CLIENT */;
/*!40101 SET CHARACTER_SET_RESULTS=@OLD_CHARACTER_SET_RESULTS */;
/*!40101 SET COLLATION_CONNECTION=@OLD_COLLATION_CONNECTION */;
/*!40111 SET SQL_NOTES=@OLD_SQL_NOTES */;

-- Dump completed on 2016-08-11  2:04:49
